entry,category,finding
abu-french,status,"Status mismatch: the entry says 'active', but the site has been frozen since early 2002. The homepage reads '288 textes de 101 auteurs. (Janvier 2002)' and the newest addition on http://abu.cnam.fr/maj.html is dated 28 janvier 2002."
abu-french,url,HTTPS is unavailable: https://abu.cnam.fr/ refuses connections on port 443. Only the http:// URL used in the entry works.
abu-french,notes,The entry notes contain internal RQ build paths ('rebuild/abu_french_source_selection_2026-06-24.tsv; data/raw/ABU_French/ABU_French.jsonl; rebuild/rawtree_full_lock_2026-07-16.tsv').
abu-french,institution,"Institution: per the homepage, the texts are produced by the volunteer Association des Bibliophiles Universels (ABU). CNAM (CEDRIC team) only hosts the server."
amadiscorpus-gh,status,"Status mismatch: the entry says 'active', but the project is dormant. The last substantive commit is 2018-04-07 ('updating ODD…'). The only later commit (2024-03-28) is 'adding Zenodo release badge' for v1.0.0 'Proof of Concept'. The site footer reads 'Last modified: Sunday, 06-Aug-2017'."
amadiscorpus-gh,url,https://amadis.newtfire.org/ serves the generic 'newtFire Home' page. Only http://amadis.newtfire.org/ (as in the entry) shows 'Digital Amadis'.
amadiscorpus-gh,notes,"The text count is inflated. RQ's 35 'chapters' are 33 Montalvo chapter files (0–33; chapter 3 is absent) plus WRONG_Montalvo_Amadis_1547_20.xml (a superseded duplicate of chapter 20) and XMLandSchemas/SI-Amadis.xml ('Site Index for the Amadis Project', a personography). The notes' '35 TEI XML chapters' and the texts/words figures include these two non-chapter files."
balkanslavic-damaskini,url,"The notes call https://gitlab.uzh.ch/uzh-slavic-corpora/pre-standardized-balkan-slavic-literature a mirror, but it holds only README.md: GitLab API tree has 1 blob, last activity 2022-09-21. Its SWITCHdrive links (xlsx, raw texts) return 404."
balkanslavic-damaskini,languages,"The entry lists only Bulgarian; the CLARIN.SI record gives Bulgarian and Macedonian (dc.language.iso bul, mkd)."
balkanslavic-damaskini,period,"texts=1 and period 1650-1650 come from RQ's single concatenated file (damaskini-cyrillic.txt), not from the dataset's 23 texts (15th-19th c.)."
bartoli-correspondence,other,"Encoding mismatch: catalogued as plain-text, but the source publishes TEI XML (13 files) and PAGE XML (8,146 pages)"
bartoli-correspondence,url,"The entry url is the Zenodo dataset. The reading edition is at https://smansutti.github.io/cosimobartoli/ (HTTP 200), whose About page links to the Zenodo record for the PAGE/TEI XML"
bartoli-correspondence,status,"Status 'active' is questionable. Zenodo has a single version (v1, 2024-12-26), the repo smansutti/cosimobartoli was last pushed on 2024-12-26, and the participatory transcription site cosimobartoli.saramansutti.com no longer responds (Zenodo links to a Wayback copy instead)"
bartoli-correspondence,notes,The notes field ends with a truncated internal RQ path ('data/raw/bartoli/Cosimo_Bartoli_letters_newsletters_1562-')
basquekg,status,"The TEI dump is a frozen December-2006 snapshot (338 texts), while Klasikoen Gordailua kept adding texts (news feed through 22 Mar 2026). Later additions exist only as HTML, RTF or PDF."
basquekg,other,"314 of the 338 TEI P4 files fail XML parsing (stray '<--' in <head>, e.g. AbbadieLaborarier.sgml line 96), and some are ISO-8859-1 without an XML declaration. They are TEI P4 by DTD and root but need light repair to load as XML."
basquekg,title,"The entry title 'BasqueKG' is the RQ collection name. The project is Klasikoen Gordailua (Armiarma/Susa), whose corpus is also served as the UPV/EHU Euskal Klasikoen Corpusa (EKC)."
bdpn-novohispano,url,"The entry's notes and institution call ficino2021/bdpn a 'recovered' copy that 'preserved the corpus files after the original UNAM platform went offline'. In fact bdpn.unam.mx is live (200), and its official 'Archivos XML/TEI' page (https://bdpn.unam.mx/es/archivos) names this GitHub repo as the project's own XML/TEI distribution. The entry url points to the data repo; the edition's reading site is https://bdpn.unam.mx/es."
bdpn-novohispano,other,"Licences conflict: the GitHub LICENSE is CC0 1.0, but the official site states CC BY-NC 4.0."
belarusian-skaryna,period,"Only 1 of the 4 RQ texts (Preface to the whole Bible, original orthography) comes from knihi.com. The other 3 (Judith, Psalter and Proverbs excerpts in period orthography) come from be.wikisource's transcription of Harecki's 1922 Chrestomathy. knihi.com's versions of those three prefaces are modern Belarusian (Judith translated by Aleś Razanaŭ; Psalter and Proverbs from the Adamčyk school chrestomathy)."
belarusian-skaryna,other,knihi.com gives the source edition of the Bible preface as unknown ('Тэкст падаецца паводле выдання: невядомае; Крыніца: невядомая').
bertonio-aymara,status,"The entry status is 'active', but amosbatto/native-dics has had no push since 2023-04-23, and the Bertonio StarDict is dated 2008 (.ifo date=2008.7.3). It was last touched only by a 2023 path move."
bertonio-aymara,other,"The text is not a diplomatic 1612 transcription: the .ifo says 'ortografía actualizada por Radio San Gabriel', and the RQ text is in modernised Aymara orthography (e.g. ""Jaya pachata"", ""lanqt'aña"")."
betamasaheft-geez,period,"The catalogue period '1555-1555' reflects only the one dated text (LIT4969, Edict of Galāwdewos). The other four have year=None in RQ, although they cover the reigns 1434-1468 (Zarʾa Yāʿqob), 1540-1559 (Galāwdewos), the 16th century (Tārik za-Gāllā) and 1607-1632 (Susǝnyos)."
bibaugustana,url,"Main url https://www.hs-augsburg.de/~harsch/ is the root of Ulrich Harsch's personal homepage ('grüß Gott .doc .tip .net .cad'), not the library, and the legacy domain now redirects to https://www.tha.de/~harsch/. The library's front page is https://www.tha.de/~harsch/augustana.html; the Latin index used by RQ is https://www.tha.de/~harsch/a_chron.html."
bibaugustana,institution,The institution was renamed: Hochschule Augsburg is now Technische Hochschule Augsburg (THA). The library is the personal project of Prof. emer. Ulrich Harsch.
bibaugustana,languages,Entry languages list only Latin (the RQ subset); the library has 12 language sections.
bibcertxt,notes,"Entry notes say 'The 331 Spanish texts' but the entry has texts=125. The RQ collection has 125, and the NAS folder holds 125 .txt files."
bibcertxt,other,"The BibCerTxt texts are Pandoc-style plain-text conversions of BVMC 2022 EPUB editions whose records cite TESO (Base de Datos Teatro Español del Siglo de Oro) as source. The current 'plain-text' value reflects RQ's derivation, not BVMC's format."
bibcertxt,other,"BVMC record, portal and download pages return a Cloudflare challenge (403) to scripted access. They were verified via Wayback captures from 2025-2026."
biblioteca-italiana,url,Hosts are HTTP-only: port 443 on www.bibliotecaitaliana.it answers plain HTTP (Apache 404) and TLS clients fail. Keep http:// links (the entry url is http:// and works).
bokselskap,other,"Catalogue encoding is plain-text, but the edition is TEI P5 and a public CC0 TEI dump exists"
bokselskap,other,"The TEI dump is a 2023-01-19 snapshot (about 380 texts), while bokselskap.no now lists 400+ books; the site itself offers no XML download"
brievenalsbuit,other,"The catalogue's encoding is 'xml', but the edition's source documents are TEI (<TEI.2> root and teiHeader, body in the TEI P5 namespace). It should be 'tei'."
brievenalsbuit,other,"There is no open bulk download. The only file dataset, Gouden Standaard 2.0 (2013), needs an INT Taalmaterialen account, and HistCorp says a licence form is also required. It is older than the online 3rd release (2020/2021). Open TEI is available only one letter at a time through the BlackLab API."
bullinger-digital,url,"RQ's source_ref repo github.com/bullinger-digital/bullinger-korpus-tei is archived (gh: archived=true, last push 2025-05-28; the project ended in May 2025). Its README names the maintained successor https://github.com/stazh/bullinger-korpus-tei (Staatsarchiv Zürich, pushed 2026-08-17); link that one."
bullinger-digital,url,The download links in the 2024 JOHD data paper (doi 10.5334/johd.174) now return 404: https://www.bullinger-digital.ch/about/project/downloads and https://github.com/bullinger-digital/bullinger-korpus.
bullinger-digital,status,"institution is null: the corpus was produced by the Universität Zürich (Institut für Computerlinguistik) and has been maintained by the Staatsarchiv des Kantons Zürich since May 2025. The 'active' status is consistent: the site footer names the Staatsarchiv as contact, and the stazh repo has 2026 commits."
bvh-epistemon-print,other,"Catalogue encoding 'plain-text' is wrong: the source files are TEI P5, so it should be 'tei'."
bvh-epistemon-print,status,Main url is Lou Burnard's legacy working repo lb42/tei-fr ('Automatically exported from code.google.com/p/tei-fr'). Its README says 'all the good stuff is now over on the humanum gitlab'. Projects/BVH/Corpus was last updated 2015-11-03 and the repo was last pushed 2023-10-18. The edition's own site is https://www.bvh.univ-tours.fr/Epistemon/index.asp (200). The 'active' status fits BVH (2026 news on its homepage) but not this repository.
bvh-epistemon-print,url,"BVH's XTF reading/download server xtf.bvh.univ-tours.fr was unreachable from the audit network: HTTP timed out after 90 s, and HTTPS serves an unrelated Nextcloud (HTTP 400, certificate for utbox-test.univ-tours.fr). Wayback still recorded 200 captures up to 2026-09-15."
bvh-epistemon-print,institution,"institution is null; the edition is published by BVH (CESR, Université de Tours / CNRS). The title is the RQ collection label rather than the edition name."
camena,url,"The data_url is a third-party archive (Neven Jovanović, University of Zagreb; snapshot made in 2016, last push 2018-10-10), not the project's own server. The project site, mateo.uni-mannheim.de, serves the same XML only work by work from its author pages, and titles added after 2016 (2017 news items) may be missing from the archive."
camena,status,"Status may be stale. The entry says 'active', but the latest 'Neues' item is dated 14.06.2017. The site describes DFG funding for 1999–2008 and eAQUA for 2008–2011, and the GitHub archive README says CAMENA 'was active from 1999 to 2013'."
campanella-atc,other,"The TEI/XML is not advertised: no ATC page links /ATC/xml/, the directory index is 403, and the files were found by requesting them directly by name. The owner should decide whether to link an unadvertised file, given the all-rights-reserved notice."
campanella-atc,url,"The title 'Campanella ATC' is an RQ label. The project is 'Archivio Tommaso Campanella' (ILIESI-CNR), and the institution is missing. A persistent DOI exists: https://doi.org/10.26335/atc redirects (302) to https://www.iliesi.cnr.it/ATC."
campanella-atc,other,"Two of RQ's 21 texts (MonFr = Monarchia di Francia, MonS2 = Monarchia di Spagna) were not found under /ATC/xml/ with the names tried."
campanella-atc,other,The licence is ILIESI all rights reserved (copyright.php); RQ's DB recorded public_domain.
casebooks,url,The main url https://casebooks.lib.cam.ac.uk/ returns 404 to non-browser user agents (curl's default UA and a bare 'Mozilla/5.0'; CloudFront serves a cached error page) but 200 to a browser UA. Automated link checkers may wrongly report it as dead.
cavriana-correspondence,period,Entry period '1580-1580' and texts=1 come from RQ's single concatenated file (cavriana_correspondence.txt). The live edition holds 113 TEI letters dated 1568–1574.
cavriana-correspondence,notes,"Notes say 'Matches the collected 2-text collection exactly', but the entry has texts=1."
cavriana-correspondence,other,"The edition README's DOI badge image points to zenodo.8224585, which is the 'Pantagrueliste/Amanuensis' record, not CavrianaCorr. The badge markdown is also malformed. The correct concept DOI is 10.5281/zenodo.14789456."
celt,status,"Status is 'active', but the newest dated content on the site is from February–March 2021: news.html's last item is March 2021, the FAQ text count says 'By 24 February 2021', and the footer reads © 1997–2021. The project may be dormant."
celt,url,"Some XML links on publishd.html are broken. Two of 52 sampled return 404 (texts/D301009.xml, texts/E650002-001.xml), as does texts/T400071.xml. The E600000 row links to the malformed texts/E600000/.xml, while texts/E600000.xml itself works."
cet-teatro16c-portuguese,period,"Entry period '1540-1540' looks like a placeholder. The database covers 16th-century plays from at least 1509 (Gil Vicente's Farsa da Índia, which EMOTHE takes from this database)."
cet-teatro16c-portuguese,status,"The site is served only over http (https://cet-e-quinhentos.com/ times out). The site is live and unchanged (legacy ASP.NET MVC with jQuery 1.4.2), which is consistent with status 'archived'."
chm-mapudungun,other,"Catalogue encoding is plain-text, but the CHM publishes TEI P5 files (word/morpheme-tagged)"
chm-mapudungun,url,Entry url https://benmolineaux.github.io is the 'Prolegomena' documentation page; the corpus itself is at http://www.amc-resources.lel.ed.ac.uk/CHM/ (HTTP only; HTTPS fails)
chm-mapudungun,other,The TEI files are not linked or listed anywhere: the /CHM/data/ index is blank and the search page's Download tab is commented out. They are found only by swapping .html for .xml.
chm-mapudungun,other,"Only 2 of the 7 RQ texts (1621 Sermon, 1642-43 Herckmans Vocabula) have public TEI; the five 1606 Valdivia texts are HTML-only"
ckcc-epistolarium,status,"Status mismatch: the entry says 'active', but the project and site have not changed since 2013. The newest news item on https://ckcc.huygens.knaw.nl/ is 14/06/2013 ('ePistolarium officially launched') and the DANS deposit is titled 'archived version d.d. 2013-07-23'. The site is still online, so 'archived' fits the schema better."
ckcc-epistolarium,notes,Entry notes are truncated mid-word ('...scripts/overnight/ckcc_harvest.py; rebuild/rawtree_ful').
ckcc-epistolarium,other,"The CKCC TEI is a simplified, non-namespaced dialect (<TEI><teiHeader><meta type=... />) and the DBNL sources are TEI P4 (TEI.2), so neither is TEI P5-valid."
codiaje-judeospanish,url,"The main url (HUJI faculty page) returns a WAF block page ('Something went wrong… Support ID', HTTP 200) to scripted clients. WebFetch shows the real page, which only describes the corpus and links to the LINDAT TEITOK instance. The project's own 'How to cite' gives https://lindat.mff.cuni.cz/services/teitok-live/codiaje/index.php?action=home as the corpus address."
codiaje-judeospanish,other,"Documentation and practice disagree: Quintana 2020 promises 'the complete download of documents in XML format and plain text', but anonymous users get no download link, and the API download requires an administrator login token."
colonia,url,"The main url (Linguateca lista_autores_colonia.html, 200) is only AC/DC's code list for Colonia works. Linguateca's Colonia search page currently says the AC/DC project is not working, and the list links to the project site corporavm.uni-koeln.de, which no longer resolves (DNS failure)."
colonia,other,The entry's encoding 'xml' is wrong: the files are CWB/TreeTagger vertical text that is not well-formed XML.
colonia,notes,"Attribution error: the entry's institution 'Linguateca / CorporaVM, corpus directed by Diana Santos' and the notes' 'of the AC/DC annotation project' are wrong. Colonia was compiled by Marcos Zampieri and Martin Becker at the University of Cologne (2013 paper; Linguateca's own page says 'desenvolvido por Marcos Zampieri na Universidade de Colónia'). Diana Santos made it available through Linguateca."
colonia,url,"The data_url is a third-party re-upload (Kaggle, Rachael Tatman, 2017), endorsed on Zampieri's former resources page. The original Cologne download is gone, and Zampieri's current site no longer lists Colonia."
controversia-confessio,status,"Status 'active' is questionable. The print series is complete: Bd. 12 appeared on 07.02.2025 'Zum Abschluss der Editionsreihe', and the analog part ended in 2023. The ULB digital edition has been a 'Vorschau ... nicht zitierfähig' since May 2023 ('wird derzeit überarbeitet', Bd. 7 'in Vorbereitung')."
controversia-confessio,institution,"institution is null. It should be the Akademie der Wissenschaften und der Literatur Mainz (ed. Irene Dingel), with the digital edition by HAB Wolfenbüttel (Bd. 1, 8) and ULB Darmstadt/ZEiD (Bd. 2-7, 9)."
controversia-confessio,notes,notes contain truncated RQ-internal paths ('...; rebuild/rawtree_full_lock_2026-').
controversia-confessio,url,"The project's 'Digitale Edition' page links only Bd. 1 and 8 (HAB) and Bd. 2-5 (ULB). Bd. 6, 7 and 9 are reachable only from the ULB start page https://exist.ulb.tu-darmstadt.de/2/v/pa000002."
coqalane,url,"The entry url (Huma-Num GitLab ccanoarnedo/GIT-Coqalane, 57 TEI files, last activity 2024-07-03) is an older, partial copy. The same author's GitHub repo https://github.com/cyrcan/GIT-Coqalane holds 109 TEI files and was updated 2025-10-22. Consider linking it as the data source."
cornish-gwreansanbys,institution,"The institution field credits 'Tony Hakoyama', but the author of the site and repo is David Trethewey (aboutauthor.html: 'David Trethewey. 2015'; GitHub README: 'Author: David Trethewey')."
cornish-gwreansanbys,url,"The notes cite GwreansAnBys_segmented.txt and kernewekFSS/GwreansAnBysConvertedSWF.txt as the text files, but the harvested text is byte-identical to https://taklowkernewek.neocities.org/cw_strip.txt. That file is the Kernewek Kemmyn respelling by Keith Syed and Ray Edwards (KDL edition, 2000), not the 1611 manuscript spelling. The repo dates Stokes's edition 1864, not 1861. The manuscript-spelling text is kernewek_corpus/cwkdlms.txt in the GitHub repo."
cornish-tregear,notes,"The notes field contains internal RQ pipeline paths ('rebuild/cornish_tregear_source_selection_2026-06-24.tsv; data/raw/Cornish_Tregear/Cornish_Tregear.jsonl; rebuild/rawtree_full_lock_2026-07-16.ts', the last one truncated)."
cornish-tregear,title,"The title is the RQ collection name ('Cornish Tregear') rather than the edition title ('Homelyes XIII in Cornysche' / Tregear Homilies, BL Add MS 46397)."
cornish-tregear,status,"Status 'active': the page text has not changed since it was created on 2004-09-19, apart from vandalism reverts (2007–2011) and a 2020-02-07 one-line note ('K.S. is Keith Syed'). The activity belongs to the Wikisource platform, not to this text."
corpus17-french,url,"The publication app linked from the README, https://e-ditiones.huma-num.fr, returns HTTP 502 (twice), and /exist/apps/APP17/index.html returns 401."
corpus17-french,notes,"Notes do not match the entry or the source. They say '120 collected texts', but the entry has texts=15 and the repo has 15 TEI texts. They say 'No explicit licence', but the README says CC-BY-SA and the TEI headers declare CC BY 4.0."
corpus17-french,status,"No conflict with the 'archived' status: GitHub has not formally archived the repo, but there has been no push since 2021-02-26."
cretangreek-snhell,url,"The entry url http://web.archive.org/web/20010623201249/http://www.snhell.gr:80/a_anth_text.asp returns HTTP 200, but the archived content is an ASP error ('ADODB.Field error 80020009 … Either BOF or EOF is True, or the current record has been deleted') with no text. The notes' claim of a 'verified archived snapshot' is wrong. Working snapshots, verified 200 with text: http://web.archive.org/web/20250109043553/http://www.snhell.gr/anthology/writer.asp?id=55 (Chortatsis: Erofili and Panoria dedications), http://web.archive.org/web/20250809205400/http://www.snhell.gr/anthology/writer.asp?id=54 (Foskolos), and the texts at http://web.archive.org/web/20250809221230/http://www.snhell.gr/anthology/content.asp?id=43&author_id=55 (also id=44&author_id=55, id=46&author_id=54)."
cretangreek-snhell,url,"The site was still live until recently: Wayback shows the anthology text pages with HTTP 200 until 2025-08-09 and the homepage until 2025-09-23. 'discontinued' is correct today, but it went offline within the last year, not around 2001."
croala,other,Catalogued encoding 'plain-text' is wrong: the source is TEI P5 XML (RQ's 'plain' is its own derivation from the GitHub clone).
croala,url,Search and reading interfaces linked from the main site are down: http://croala.ffzg.unizg.hr/cdb/index returns 502 and http://solr.ffzg.hr/philo4/croala0/ returns 503. The main URL https://croala.ffzg.unizg.hr/ itself returns 200.
czech-kralice1613,other,Catalogue encoding 'plain-text' is wrong: GitHub ships CES XML and TextGrid publishes TEI P5.
czech-kralice1613,url,"The project has moved: the GitHub README (May 2025) names the TextGrid Repository as the corpus's home, but the entry url still points to GitHub (live, CC0, last push 2025-05-19)."
czech-kralice1613,period,"Source metadata conflict: the TextGrid TEI header labels the Czech text 'Český ekumenický překlad 1979' and GitHub metadata.csv gives Year 1380. The verses, however, are the Kralice Bible wording in modernised spelling, e.g. Gen 1:2 'Země pak byla nesličná a pustá…' (116,400 tokens with 'v' against 3 with 'w'). '1613' is therefore the translation date, not a 1613 diplomatic transcription."
czech-kralice1613,title,"The entry title is the generic whole-corpus name, but the entry covers only the Czech Kralice text."
czech-tei2019,notes,"Entry notes say the repo contains '~240 digital editions'. It holds only 2 TEI editions (AdamM, LekJadroBrn). Its other ~245 blobs are XSLT stylesheets, intermediate conversion files, 2 DOCX files and a PPTX; Register/Records.xml has just 2 <Prepis> records. The ~240 figure matches the file count, not editions. Vokabulář webový itself lists 422 editions, HTML only."
czech-tei2019,url,The Vokabulář edition-list URL cited in the repo README (https://vokabular.ujc.cas.cz/moduly/edicni/seznam-edic/) currently returns HTTP 500 (ASP.NET error). The sorted variant .../seznam-edic/nazev-asc/strana/1 works (200).
dbnl,title,"Catalogued encoding 'html' is wrong: DBNL distributes TEI XML (DBNL-TEI, TEI P4) per title and in bulk."
dbnl,other,"RQ ingested DBNL's txt_pd.zip (the 'XML in .txt-formaat' derivation, byte-identical size 631,014,366) instead of the TEI twin xml_pd.zip."
dbnl,institution,"Entry institution is null. DBNL is a service of the KB (National Library of the Netherlands), with Taalunie and Bibliothecair Erfgoed Vlaanderen as partners (dbnl.org footer, kb.nl dataset page)."
devonshire-manuscript,url,"The OTA/LLDS downloads cited in the entry notes failed. Bitstream URLs (…/bitstream/handle/20.500.14106/2587/Devonshire_Manuscript_poems.zip?sequence=3, and the HTML intro file) returned HTTP 502 Proxy Error on 4 attempts across both hosts, llds.phon.ox.ac.uk and llds.ling-phil.ox.ac.uk. The record page itself loads (200 with a non-browser user agent; browsers get an Anubis JS challenge)."
devonshire-manuscript,notes,"The entry notes use the host llds.phon.ox.ac.uk, while Wikibooks links llds.ling-phil.ox.ac.uk. Both serve the record."
devonshire-manuscript,status,"The original site devonshire.unb.ca returns NXDOMAIN, which is consistent with the entry's status 'archived'."
diacronia-romanian,url,"Main url is wrong: https://www.diacronia.ro is the journal 'Diacronia' (ISSN 2393-1140) plus its BDD bibliometric database, and it hosts none of these texts (/corpus, /ro/corpus and /ro/texte redirect to the homepage). The 4 texts are ro.wikisource.org pages: Codex_Sturdzanus/Povestea_Sfintei_Dumineci and three Manuscrisul_de_la_Ieud/… subpages. The 'Diacronia' title comes from the misnamed RQ collection."
diacronia-romanian,period,"Period mismatch: Wikisource dates the Ieud manuscript to c. 1630 and Codex Sturdzanus to 1580–1619, but the entry's period is 1580–1600."
diacu-bulgarian,url,"DIACU is a derivative NLP dataset. The original digital edition of these 24 Bulgarian texts is the Histdict text corpus of Sofia University (https://histdict.uni-sofia.bg/corpus), whose XML export needs a login."
diacu-bulgarian,notes,"Entry notes say '3 texts retained', but the RQ snapshot has 24 DIACU_Bulgarian texts (all in_core). All 24 trace to DIACU documents whose Source is histdict.uni-sofia.bg."
diacu-bulgarian,url,"DIACU's per-document Source URLs (histdict.uni-sofia.bg/textcorpus/show/doc_N) now redirect to the new Histdict SPA (e.g. doc_23 -> /corpus/slovo-hristos/text, still 200)."
diakorp-czech,notes,"The entry notes say 'The 7 collected texts', but the entry and the RQ collection Diakorp_Czech count 21 texts, so the notes figure is stale."
diakorp-czech,notes,"The entry's encoding 'plain-text' comes from RQ's own per-text derivation; the published form is a CoNLL-U-like vertical, as the entry's notes already acknowledge ('CQP-vertical format (not TEI)')."
dibilit-german,notes,"Entry notes mention '24 collected early German drama/Schwank texts', but the RQ snapshot has 47 DiBiLit_German texts, including non-drama such as Waldis' Esopus and Rollenhagen's Froschmeuseler."
dibilit-german,other,The DTA presentation page's 'ZIP-Archiv mit allen Texten im txt-Format' download is commented out in its HTML. Its 'Download' section lists only Zenodo (DOI 10.5281/zenodo.5526297) and GitHub.
dibiphil-renaissance,url,"Entry notes cite the presentation page https://www.deutschestextarchiv.de/dibiphil/ as 'live 200', but it is a soft 404. It serves the generic DTA home page, which never mentions DiBiPhil, and a nonsense path (https://www.deutschestextarchiv.de/zzqq-nonexistent-xyz/) returns the same page with 200. DiBiPhil's live DTA-side resource is the D* search https://ddc.dwds.de/dstar/dibiphil/."
dibiphil-renaissance,notes,"Entry notes say 'The 40 collected texts match', but the RQ snapshot has 3 DiBiPhil_Renaissance texts."
dibiphil-renaissance,status,"Status is 'active', but the GitHub repo (not archived) was last pushed 2023-11-22, about 3 years ago. It looks like a static dataset release."
digilib-armenian,url,"During the audit, book pages intermittently returned Cloudflare 502/504 (book/159, book/1343) and timed out (library listings). They loaded with 200 on retry."
digital-donne,url,"The DRC server was down during arbitration. From about 15:45 GMT on 2026-10-08 (still at 16:11), 128.233.210.40 (both digitaldonne.drc.usask.ca and drc.usask.ca) and 128.233.210.43 timed out from this machine, and WebFetch got ECONNREFUSED. The entry's main url and every data link were unreachable after being served at 15:30–15:31 GMT. The cause is unknown (an outage, or a block after heavy audit probing). Re-check before publishing."
digital-donne,url,"The TEI is reachable only through an unlinked, unlicensed working directory, and the files are drafts. The owner may prefer to keep the official transcriptions page https://digitaldonne.drc.usask.ca/archive/transcriptions/ (plain-text) as the user-facing link and note the TEI separately."
digital-donne,other,"The XML of the v2.0 (2025) edited texts is not publicly retrievable: DVPoemsINDIV/DVPoems/ returned HTTP 500 to both agents. The public TEI (Poems.xml) is an older draft based on the 1633 text, not the v2.0 texts."
digital-donne,url,The site footer licence is inconsistent: its text says 'CC BY-NC' but its anchor links to https://creativecommons.org/licenses/by/4.0/ (seen in the saved homepage).
digital-donne,url,"A Hugo development build is deployed: pages load /livereload.js?…port=1313 (generator Hugo 0.166.0), and the other agents report sitemap.xml with http://localhost:1313 base URLs."
disco-spanishsonnets,notes,"The notes cite zenodo.org/records/1193782 as the corpus distribution. That record ('DISCO: Diachronic Spanish Sonnet Corpus', 2018-03-01) holds only poster_DISCO_DHd.pdf (946,361 bytes), a poster. The README gives the corpus' Zenodo concept DOI as 10.5281/zenodo.1012567 (latest v5.0 = record 7675512)."
disco-spanishsonnets,period,"Entry stats (texts 1, words 76,564, period 1600-1600) describe one RQ aggregate file (disco_goldenage_minor_sonnets.txt). The source has 1,088 Golden-Age sonnet files in tei/15th-17th/per-sonnet and about 4,500 sonnets in total."
disco-spanishsonnets,url,"The former site editionsdisco.com gives no response (curl code 000), as the notes say. The repo homepage https://prf1.org/disco/ returns 200 but has no download links."
dissed-phdeditions,url,"Main url https://theses.fr is the generic French national thesis portal, not an edition site. It covers only the two French theses (2019PSLEP014, 2024UPSLN003), not the Uppsala (DiVA) or Bologna (AMS Dottorato) ones."
dissed-phdeditions,other,"Composite entry: five unrelated PhD-thesis editions (Sjökvist 2007, Sjökvist 2012, De Carolis 2015, Tondi 2019, Salvati 2024) on three platforms, with no shared landing or data page."
dissed-phdeditions,status,"Status 'active' means little for completed, static thesis deposits ('archived' may fit better)."
dissed-phdeditions,notes,The tei verdict rests only on Salvati's internally TEI-encoded Ladam edition. The other 8 of 9 texts exist only as PDF.
doctrinalima1584-quechua,title,"The title 'DoctrinaLima1584 Quechua' does not match the content. The 17 texts (intro and chapters 1-9, 12, 14-19) come from runasimi.de's 'Waruchiri ñišqap ñawpa machunkunap kawsašqan' (the Huarochirí Manuscript, c. 1600), not from the Doctrina christiana y catecismo (Lima, 1584). runasimi.de's text index lists no Doctrina or Catecismo."
doctrinalima1584-quechua,status,"Status 'active' is doubtful. The page footer reads 'Last update: Mar 7, 2006', the homepage 'Last update: Nov 14, 2007', and the newest site page (willay.htm) 20 Feb 2017. The page also still links to geocities.com. 'archived' (online but unmaintained) fits better."
doctrinalima1584-quechua,institution,"The related entry huarochiri-quechua-full covers the same manuscript (Taylor 1987 via etnolinguistica.org). This entry is runasimi.de's reworked text, which cites 'Taylor, Gerald (1976)' and says its spelling was revised ('qillqayta allinyašqan'), so RQ's 'orig. orthography' label is questionable. 'institution' is null although the page names Philip Jacobs (meta Author) and runasimi.de."
documenta-catholica-omnia,status,"Status mismatch: the entry says 'active', but the site's 'What's New' page (a_9999_Recentissima_Incrementa.html) covers only 2010-12-31 to 2011-12-06, and the newest file in the /03d/ directory is dated 2011-12-06. The site is online but has not been updated for about 15 years, so the schema's 'archived' fits better."
documenta-catholica-omnia,institution,The entry's institution is null; the site is run by the 'Cooperatorum Veritatis Societas' (contact veritatis-societas@documentacatholicaomnia.eu).
dost-olderscots,url,"Main url http://purl.ox.ac.uk/ota/0701 redirects via https://pii.bodleian.ox.ac.uk/ark:29072/ota0701 to https://ota.ox.ac.uk/id/0701. Wayback recorded an Apache '404 Not Found' at that target on 2025-12-11 and a maintenance/404 page on 2026-01-21. On 2026-10-08 it returns an Anubis bot challenge, so the PURL could not be confirmed to reach the record."
dost-olderscots,url,"OTA states its collections have been at https://llds.ling-phil.ox.ac.uk/ since 2021. The legacy DSpace at https://ota.bodleian.ox.ac.uk/ timed out on 2026-10-08 (OTA had announced it was 'expected to be decommissioned soon'). Handle resolution fails for both 20.500.12024/0701 and 20.500.14106/0701 (hdl.handle.net API 500, handle server connection refused)."
dost-olderscots,status,"Status mismatch: the entry says 'active', but this is a static legacy deposit (date.issued 1984-05-01, accessioned 2018-07-27)."
dost-olderscots,notes,"Entry notes expose internal RQ harvest paths (data/raw/queue4/dost_files.txt; data/raw/queue/dost.zip; data/raw/queue4/dost/; rebuild/dost_raw). The title is the RQ collection label; OTA's title is 'Older Scottish texts : the Edinburgh DOST corpus' (alternative 'Older Scottish Textual Archive [OSTA]'), with date range 1450-1600."
dracor,url,"NeoLatDraCor (RQ collection DraCorNeoLat, 21 of the entry's texts) is not on the production platform: https://dracor.org/api/v1/corpora/neolat returns 404. It is served only at staging.dracor.org (200) and in github.com/dracor-org/neolatdracor."
drc-romansh,url,"Main url and the XML download endpoint answer HTTP 418 'Bot Detection' (go-away JS challenge) to non-browser clients as of 2026-10-08, so scripted link checks fail. Wayback shows normal 200 service until at least 2026-06-07. http://www.crestomazia.ch/ redirects to the same host."
drc-romansh,other,Catalogued encoding 'plain-text' is wrong. The portal publishes per-page XML downloads and a TEI-P5-declared XML view; RQ's 'plain' is its own tag-stripped derivation.
drc-romansh,notes,"Entry notes say 'Text units are OCR'd chapters, not TEI'. The project's XML view declares 'XML/TEI P5', and the downloads are per-page XML files, not chapters."
drc-romansh,other,No bulk download exists: XML can only be fetched page by page (about 500 pages in vol. V).
dsl-henriksmith,url,The main url https://tekstnet.dk/books/smith-h_1-laegebog-top-til-taa/ shows only book 1 of the six-book edition. The author page https://tekstnet.dk/authors/henrik-smith/ lists all six.
dsl-salmer,notes,"Entry notes say the texts are 'served as TEI/XML from DSL's eXist-db'. The public site serves only HTML: no XML link on text pages, and its PDF print link returned '<p>Error'. The TEI is public only through github.com/dsldk/salmer."
dta,url,"Entry also aggregates the RQ collection Luther1545_LetzteHand (76 texts), which is not a DTA source. It is an OSIS 2.1.1 Bible text (ZefToOsis conversion, 2012) from http://www.lutherbibel.net/, which now answers HTTP 410."
earlymoderngreek-clarinel,url,"The entry's url points to a different CLARIN:EL resource. Handle 11500/AEGEAN-0000-0000-5806-7 resolves to inventory.clarin.gr/corpus/902, 'Notarial deeds by Philippos Katoimeris … and Ioannis Olokalos' (376,815 words, 8 files), a metadata-only for_info record with a placeholder download URL. The 5 texts the entry counts (alexakis, eugena, kapianos, olokalos, visvizis; 152,215 words, 1520–1646) are CLARIN:EL 1210, 'Resources of early modern Greek (16th–17th century)' (158,235 words), handle http://hdl.handle.net/11500/CLARIN-EL-0000-0000-6A00-9."
earlymoderngreek-clarinel,notes,The entry's encoding 'tei' is unsupported: neither record nor the CLARIN:EL family page mentions TEI or XML. The notes' claim that the 'corpora are TEI-compliant XML' is wrong.
earlymoderngreek-clarinel,notes,The notes wrongly call 'CLARIN:EL 1210' the RQ harvest's internal id. 1210 is the CLARIN:EL inventory id of the source record.
eebo-text-creation-partnership,url,"The main url https://www.textcreationpartnership.org/ now returns 301 to https://www.textpartnership.net/. That site calls itself an 'unofficial site, independently maintained by editors of the TCP'; the University of Michigan's official TCP WordPress site is discontinued."
eebo-text-creation-partnership,notes,The entry notes ('Access via EEBO (subscription) or open TCP texts') are out of date: all EEBO-TCP Phase I and II texts have been free of restrictions since 1 Aug 2020 (CC0 per the GitHub READMEs).
elan-crenum,status,"Status mismatch: the entry says 'archived', but the repo is being edited now (last_activity_at 2026-10-08; commits to data/ on 2026-10-08, 10-07, 10-02 and 10-01, e.g. 'Ajout pc et corr chap. 14 (v. 3035)'). It should be 'active'."
elan-crenum,url,"The entry notes cite a dead, wrong source. data.elan-numerique.fr/textes/oeuvre15.xml returns 404 (HTTP and HTTPS; HTTPS also has a certificate mismatch), and research.elan-numerique.fr/oeuvres/edition/15 is 404 too. The credit 'ed. Delaissa Berrada, 2020, CC-BY 3.0' contradicts the TEI header (éd. Antoine Brix et Ellen Delvallée; edition date 2021-11-17; CC BY-NC-SA 4.0)."
elan-crenum,url,"The main url is the code/data repository. The edition's public site, https://crenum.elan-numerique.fr/, is live (200) and is the URL named in the repo description and in the TEI citation. It fits the `url` field better; keep GitLab as data_url."
elan-crenum,other,"gricad-gitlab.univ-grenoble-alpes.fr is behind an Anubis bot challenge, so link checkers using browser user agents see a challenge page instead of the repo."
elan-fnvr,scope,"The entry's period '1500-1500' is an RQ placeholder: scripts/overnight/elan_harvest.py hard-codes year=1500 for every fnvr text, while the project covers 1490-1600. Outside the encoding scope, noted for the owner."
elan-fnvr,notes,"The dossier's raw_harvest is empty, but local raw TEI exists at /Users/clem/Projects/Papers/RQ/data/raw/elan/elan__fnvr (6 files)."
elan-polygrenaille,url,The GitLab web UI and API are behind an Anubis bot challenge. Automated link checkers will get an HTTP 200 challenge page instead of the repository; git clone over HTTPS works.
elan-polygrenaille,url,"The entry notes say '(39 texts)' and misspell Grenoble as 'Grenolle'. The entry has texts=1, and the repository holds only one edited work so far (La Mode 1642). The site menu lists about 10 works, but textes/oeuvre-le-bon-esprit.html returns 404: the edition is in progress."
elan-polygrenaille,notes,"The dossier's raw_harvest was empty, but the local TEI exists under RQ/data/raw/elan/elan__polygrenaille/."
emblem-project-utrecht,url,"The catalogued url http://emblems.let.uu.nl/ redirects (302 to https://emblems.let.uu.nl/, then 301) to https://emblems.hum.uu.nl/; the canonical address has changed."
emblem-project-utrecht,status,"Status 'active' is doubtful: the XML files were last modified 2014-03-17, and the home page's 'What's New?' weblog link (weblog/index.php/epunews) returns 404."
emblem-project-utrecht,other,"Entry encoding 'plain-text' is wrong. RQ ingested TEI via the Wayback Machine, but the same TEI files are live on the current site."
emlap,url,The main url points to the processing (ETL) repository. The edition's own site is https://emlap.flu.cas.cz (200); its About page names Zenodo concept DOI 10.5281/zenodo.14765293 as the official download.
emlap,institution,"institution is null, but README/.zenodo.json credit the Institute of Philosophy of the Czech Academy of Sciences (TOME project) and the University of West Bohemia (CCS-ZCU)."
emlap,notes,"The notes field holds internal RQ harvest paths (data/raw/emlap/..., rebuild/...) and is cut off mid-path."
emmo-folger,title,"The entry stats (texts=1, period 1620-1620) come from RQ's single concatenated file emmo_folger_manuscripts.txt. The edition has 100 separate TEI documents, dated about 1552–1697 by their titles (96/100 datable)."
emmo-folger,status,"Status 'archived' is debatable. The static site was rebuilt with Eleventy (files last-modified 2026-05-31), and the home page still announces receipt-book transcriptions as coming soon. On the other hand, the last news post is from Feb 2018."
emmo-folger,notes,"The dossier's raw_harvest was empty, but the local TEI exists at RQ/data/raw/eng_dh/emmo/ and eng_dh/emmo.zip."
emothe,notes,"The entry notes say the TEI files are 'openly distributed via GitLab'. The GitLab repo holds only 57 XML files (56 EMOTHE plus 1 CANON60). The full set of about 374 texts is only in the server folder /biblioteca/textosXML/, which the site does not link."
emothe,url,Zenodo blocked curl from this network (403 'unusual traffic'). I confirmed the 'emothe' community through the Zenodo API via WebFetch instead.
emroc,url,"The entry URL is the EMROC Hypotheses blog. It does not host or link the texts RQ ingested, which live at https://fromthepage.com/folger/early-modern-recipe-books. The blog answers curl with an Anubis bot challenge but was readable via WebFetch."
emroc,other,"The 'plain-text' encoding reflects RQ's derived text, not what the source publishes."
epistemon,url,"The XTF platform (xtf.bvh.univ-tours.fr) hosts the Epistemon XML/TEI list and the per-text TEI downloads. It returned 504 Gateway Time-out on every request on 2026-10-08. Over HTTPS the same host presents a wrong certificate (utbox-test.univ-tours.fr, a Nextcloud page). The last good Wayback capture is from 2026-08-21. Once XTF is back, the TEI list URL could replace the landing page as data_url."
epistemon,notes,"The entry's notes field contains internal RQ pipeline paths, cut off mid-word: 'rebuild/remaining_missing_collections_2026-06-13.txt; … rebuild/remaining_missin'."
epistemon,url,"This entry overlaps another catalogue entry, bvh-epistemon-print (url github.com/lb42/tei-fr, 46 texts, encoding plain-text), which holds third-party TEI copies of texts from the same BVH Epistemon edition."
estilometria-siglooro,other,"GitHub reports no licence file (license: null), although the README states CC BY (by/3.0 badge)."
estilometria-siglooro,notes,The notes field holds internal RQ harvest paths and is cut off ('rebuild/estilometria_').
estilometria-siglooro,period,Period 1600-1645 rests on placeholder RQ dates. Examples are the origin 'Valdes — Roma (~1620)' for Alfonso de Valdés's dialogue of c. 1527 and 'CervantesSalazar — Cronica-Nueva-España (~1615)'. The Siglo_de_Oro folder also contains 16th-century works such as GilVicente_duardos.
ethicacomplementoria,status,"Entry status is 'archived', but the GitHub repo is not archived (archived=false); it has had no push since 2019-09-05. Work continues in greflinger-dse/EthicaComplementoria (README 'Status: Active', last major modification 2023-06-21, last push 2023-11-27)."
ethicacomplementoria,other,"The README's Zenodo DOI badge resolves to 10.5281/zenodo.1308672 ('firstrelease', 2018, a 256 KB zip). It holds only test-material .txt snippets, rockenberger_ethica_stemma.xml and an XSL, not the TEI transcriptions, so it should not be used as the data link."
ethicacomplementoria,url,The notes say the edition was 'published with the Herzog August Bibliothek'. The HAB e-book (DOI 10.15499/ebooks/ed000738) is the bibliographic-stemmatological study. The published edition of the 1643 print is at the DTA: https://www.deutschestextarchiv.de/nn_ethica_1643.
evans-tcp,url,"The main url https://quod.lib.umich.edu/e/evans/ returns HTTP 403 (a Cloudflare 'Just a moment... Enable JavaScript and cookies' challenge) to curl and WebFetch. It is live: Wayback captured it with 200 on 2026-09-02 ('Evans Early American Imprint Collection', 4977 items). Automated link checks will misreport it as dead."
evans-tcp,status,"The TCP's data distribution is frozen. github.com/Text-Creation-Partnership/Evans-TCP has had no push since 2014-11-18 (it is not archived), and the Box bulk files date from 2023-10-13. textcreationpartnership.org now redirects to www.textpartnership.net, which describes itself as an 'unofficial site'. The status 'active' holds only for the maintained U-M reading site."
fabulasmitologicas,status,"Soft status mismatch: the entry status is 'archived', but the GitHub repo is not archived (archived=false). It got substantive commits in July 2025 (Jupyter notebooks, results) and a push on 2025-08-05. The TEI corpus itself has not changed since 2021-05-03 and was deposited in TextGrid in 2024 for long-term archiving."
fabulasmitologicas,period,The period '1620-1620' is an RQ placeholder: all 30 RQ rows have year 1620. The TEI <creation> dates run from 1538-1554 (Cetina) to 1664 (Polo de Medina).
fabulasmitologicas,other,"Double counting: the 4 FabulasMito_GH texts in RQ (Carrillo_acis, Espinosa_genil, Montalban_orfeo, Villamediana_fenix) repeat 4 of the 26 FabulasMitologicas texts, with is_dup=0 in both. The entry's 30 texts / 182,943 words therefore overstate a 26-poem corpus (README: 150,746 words)."
fabulasmitologicas,notes,"The notes call this the 'same project and repository as fabulasmito-gh', but data/entries has no such entry. FabulasMito_GH is an RQ collection name."
fallofconstantinople-arranz,other,"The catalogue encoding 'tei' is wrong. The edition's only published data file is custom non-TEI XML (root <edition>, project RNC schema, no TEI namespace), so the encoding should be 'xml'."
fallofconstantinople-arranz,url,"scripts/rq_encoding.py hard-codes 'fallofconstantinople-arranz' in the TEI_VERIFIED list (line 75), so re-running the script would re-impose 'tei' unless the slug is removed. The value was set in commit 335ec35 (2026-10-07), before the schema had an 'xml' value (added in da30b31, 2026-10-08)."
famsi-bolles-yucatecmaya,status,"Status mismatch: the entry says 'active', but the report is a static legacy page. Its last posted update is 'February 11, 2011', the page says 'FAMSI © 2001', and the FAMSI homepage says LACMA has 'assumed stewardship' of the foundation. The schema's 'archived' (online but no longer maintained) fits better."
florentinecodex-nahuatl,institution,"The title is the RQ collection name. The Zenodo record is titled 'Transcript of the Florentine Codex (Nahuatl)', edited by Valery A. Berthoud F., and the entry's institution is null"
florentinecodex-nahuatl,status,"Status 'active' is questionable: Zenodo has a single version (1.0, 2022-10-16) and nothing later"
florentinecodex-nahuatl,notes,The notes field ends with a truncated internal RQ path ('rebuild/rawtree_full_lock_2026-07-1')
fornsvenska-swedish,status,"Entry metadata is a placeholder: the title is 'Fornsvenska Swedish' and institution is null. The project is Fornsvenska textbanken (FsvTB), Nysvenska annexet, publisher Lars-Olof Delsing, Lund University (Nordlund). The url works (https://www.nordlund.lu.se redirects to /fornsvenskatextdatabanken/, 200). Status 'active' is consistent: the news log runs to 2026-08-28."
fornsvenska-swedish,other,"public_xml is 'none' on purpose. The only XML of FsvTB material is Språkbanken's 2013 third-party Korp derivative, and it contains none of this entry's five texts. Do not later 'correct' this entry to xml on the basis of that dataset."
fran-slovenian16c,institution,"Title 'Fran Slovenian16c' is the RQ collection id. The edition is 'Korpus 16: Korpus besedil slovenskih protestantskih piscev 16. stoletja' (v1.0, Založba ZRC, 2019, ISBN 978-961-05-0472-6), and institution is null though the publisher is ISJFR ZRC SAZU."
fran-slovenian16c,status,"Status 'active' is debatable: the portal's News page lists only version 1.0 (30 Oct 2019, 'Portal začne delovati'), and the CLARIN.SI deposit announced in the colophon never appeared. The site itself is online (200)."
fuerstinnenkorrespondenz,other,The entry's encoding 'tei' is inaccurate. The text is EXMARaLDA XML (non-TEI) plus relANNIS; LAUDATIO's TEI files are metadata headers with an empty <text/>.
fuerstinnenkorrespondenz,notes,"The notes overstate two points. 'TEI plus morphological/POS annotation': the annotation is EXMARaLDA/relANNIS, not TEI. 'Free licence': LAUDATIO gives CC BY-NC-SA 3.0 DE, which is non-commercial. I could not find the claimed BBAW/Dumont reuse experiment."
fuerstinnenkorrespondenz,other,"Unverified lead: the EADH project page (eadh.org/node/771) says TEI/XML transcriptions and scans are on collections@UrMEL. The ThULB series 'Digitale Fürstinnenkorrespondenzen' (HisBest records, 'im Aufbau') is behind a proof-of-work check ('Sicherheitsüberprüfung'), so I could not inspect it. If it does offer TEI, it should be linked."
gallicorpora-french-htr,notes,Encoding is wrong: 'plain-text' comes from RQ's own staging file (data/raw/Gallicorpora_French_HTR/Gallicorpora_French_HTR.jsonl). The sources publish ALTO v4 XML for all 68 texts and TEI P5 for 41 of their documents.
gallicorpora-french-htr,url,"This is a composite entry. Only 25 of 68 texts are Gallicorpora (9 HTR-imprime-16e-siecle + 16 HTR-imprime-17e-siecle). The other 43 come from SETAF Pierre de Vingle (19, SETAFDH / Univ. Geneva), OCR17plus (18, e-ditiones) and CREMMA 16-17 print (6, HTR-United), each with its own repository. The title and the url (the github.com/Gallicorpora org page) do not cover them. Consider splitting the entry; a SETAF Pierre de Vingle entry would be tei with data_url https://github.com/SETAFDH/TEI-SETAF."
gallicorpora-french-htr,scope,"The Gallicorpora/TEI files are uncorrected Kraken 4.1 transcriptions of whole prints, not the ground truth RQ ingested. Example, bpt6k1514025q page f10: the TEI has 40 lines starting 'RAICT DV PRIVII'; the ALTO ground truth has 13 lines starting 'EXTRAICT DV PRIVILEGE.'."
gallicorpora-french-htr,other,"3 of the 25 Gallicorpora texts have no TEI file in Gallicorpora/TEI and exist only as ALTO: bpt6k15260973, bpt6k70526g, bpt6k15201149."
gallicorpora-french-htr,notes,"The notes contain internal RQ file paths and are cut off ('rawtree_full_lock_2026-07-16.t'). The institution field is null; the partners per gallicorpora.github.io are BnF DataLab, École nationale des chartes, Inria and University of Geneva."
gallicorpora-french-htr,status,"Soft status point: the status is 'active', but the Gallicorpora TEI repo was last pushed 2022-12-07, HTR-imprime-17e 2022-12-06 and HTR-imprime-16e 2024-07-04. Only the website repo was updated, on 2026-01-01."
gams-baselrecords,url,"Entry url https://gams.uni-graz.at/ is the GAMS platform root, not the edition. The edition's landing page is https://gams.uni-graz.at/srbas ('Jahrrechnungen der Stadt Basel 1535 bis 1610 – digital', ed. Susanna Burghartz, Basel/Graz 2015). The title 'Basel Records' is vague."
gams-baselrecords,status,"Status 'active' is debatable: the edition is dated 2015 and still labelled 'Beta-Version', and its code repository github.com/GVogeler/srbas was last pushed 2015-06-03. The TEI was republished in DEPCHA on 30.3.2023, and the site is maintained by GAMS."
ganjoorpersian,title,"Title 'GanjoorPersian' is the RQ collection id, not the edition's name (Ganjoor / گنجور). The entry's counts cover only RQ's 41-poet subset (1466–1700) of a 240-poet library."
gemi-midwifery,url,"Main url https://ota.ox.ac.uk/desc/2562 no longer reaches the record. Browser user agents get only the Anubis challenge page (HTTP 200). Non-browser requests, which skip the gate and reach the same server, get Apache HTTP 404 for /desc/2562. They also get 404 for /id/2562, the URL the official purl http://purl.ox.ac.uk/ota/2562 now redirects to (via pii.bodleian.ox.ac.uk/ark:29072/ota2562). In Dec 2023 /desc/2562 302-redirected to ota.bodleian.ox.ac.uk/repository/xmlui/handle/20.500.12024/2562 (Wayback), but that legacy host now times out. The live record is https://llds.ling-phil.ox.ac.uk/llds/xmlui/handle/20.500.14106/2562, and ota.ox.ac.uk is a DNS alias of that same server. I did not check what a real browser sees after the Anubis challenge."
gemi-midwifery,url,"Entry notes are misleading: the 'HTTP 200 but challenge page' they mention is the anti-bot page, which hides a 404 for the /desc/ path."
gemi-midwifery,other,"The handle server for prefix 20.500.14106 (and the old 20.500.12024) refused connections on 2026-10-08, so the PIDs cited in the record do not resolve at the moment."
germanc,url,"Main url https://ota.ox.ac.uk/desc/2544 no longer reaches the record. Browser user agents get only the Anubis challenge page (HTTP 200), while non-browser requests reaching the server get HTTP 404 for /desc/2544. In Aug 2024 it 302-redirected to ota.bodleian.ox.ac.uk/repository/xmlui/handle/20.500.12024/2544/ (Wayback), but that legacy host now times out. The live record is https://llds.ling-phil.ox.ac.uk/llds/xmlui/handle/20.500.14106/2544. I did not check what a real browser sees after the Anubis challenge."
germanc,title,"Title is wrong: ota:2544 is the complete GerManC corpus (record title 'GerManC', 1650-1800, 336 texts in 7 genres: DRAM, HUMA, LEGA, NARR, NEWS, SCIE, SERM), not a 'Plays' text collection. The 117 RQ texts behind the entry span all 7 genres for 1654-1700: DRAM 15, HUMA 15, LEGA 16, NARR 15, NEWS 25, SCIE 15, SERM 16."
germanc,institution,"Institution field names the wrong people. The record's authors are Martin Durrell, Paul Bennett, Silke Scheible and Richard J. Whitt (contributor: University of Manchester), and the documentation adds Astrid Ensslin as research associate on the pilot. 'Silke Regenbogen', 'Astrid Erdmann' and 'David Denison' appear in neither source."
germanc,notes,"Notes are wrong on funding and licence. The documentation and record give ESRC funding (pilot 2006-07, RES-000-22-1609) and ESRC jointly with AHRC (2008-2011, RES-062-23-1118), not 'Leverhulme-funded (2005-2009)'. The licence is CC BY-NC-SA 3.0, not CC-BY-NC."
germanc,url,The OTA PID http://hdl.handle.net/20.500.14106/2544 did not resolve on 2026-10-08 because the handle server refused connections.
gilberti-purepecha,scope,"The catalogue says plain-text, but the IA item publishes its text as XML (DjVuXML, ABBYY) and as hOCR HTML. That XML is uncorrected machine OCR of a page scan (a layout format), not an edited encoding, so the owner may want one consistent policy for all Internet Archive scan entries."
gilberti-purepecha,status,Status 'active' is questionable for a static IA scan uploaded 2011-11-21 with no editorial project behind it. The recent item_last_updated (2026-05-18) only reflects IA's automatic re-derivation.
glasgowemblems,institution,"The title is the RQ collection name 'GlasgowEmblems'. The project calls itself the Glasgow University Emblem Website, and the RQ texts come from two sub-sites, Alciato at Glasgow and French Emblems at Glasgow. The institution field is null; it should be the University of Glasgow."
gondomar-galician,institution,"The title 'Gondomar Galician' is an RQ label. The project's name is 'Gondomar. Corpus dixital de textos galegos da Idade Moderna' (ISSN 2659-2835), and the institution is missing (Instituto da Lingua Galega, Universidade de Santiago de Compostela)."
gondomar-galician,status,"Status 'active' is uncertain: the ILG project page gives an execution date of 2014–2016, the corpus and XML headers are dated 2017, and no later updates are visible (it may be 'archived')."
gondomar-galician,other,The teiHeader licence is CC BY-NC 3.0 Unported; RQ recorded public_domain.
gondomar-galician,period,"Entry counts and period (31 texts, 1594–1697) reflect RQ's subset; the online corpus lists 84 texts to 1791."
gongora-soledades,url,"Informational: the entry url is the GitHub data repository. The published digital edition ('«Soledades» de Luis de Góngora. Edición crítica digital', 2nd ed., CCeH Universität zu Köln, cited in the README) is live at http://soledades.uni-koeln.de/ (EVT viewer, HTTP 200). Over https it presents a self-signed certificate."
gongoraobra-obvil,notes,The notes misattribute a repo description. 'Codificación xml de la polémica gongorina y la obra poética de Góngora editadas por el Labex OBVIL' belongs to gongoradigital/polemos; gongoraobra's own description is 'Obras completas de Góngora'.
gongoraobra-obvil,url,"The original OBVIL portal is dead. The TEI idno http://obvil.sorbonne-universite.fr/corpus/gongora/gongora_epistolario returns 404. http://obvil.paris-sorbonne.fr/corpus/gongora/ redirects (301) to obvil.sorbonne-universite.site, which does not answer over https (000)."
gongoraobra-obvil,scope,"Scope mismatch: the title foregrounds the 'obra poética' (gongora_obra-poetica.xml, 1.96 MB), but RQ ingested only the Epistolario and Comedia venatoria. The entry's 2 texts / 59,121 words / period 1605-1610 therefore leave out the poetry and the other two comedias (Firmezas de Isabela, Doctor Carlino), which the repo publishes in TEI."
gutorglyn-welsh,other,"The TEI is not linked from the edition site. It can only be obtained from the web officer's personal GitHub snapshot (casglur/django-gutorglyn-2: 2 commits, created 2024-10-07, last push 2024-11-25, no licence file). It is not an official data release."
gutorglyn-welsh,status,"Possible status mismatch: the entry says 'active', but the site appears unmaintained since about 2013 (footer '© 2013 Canolfan Uwchefrydiau Cymreig a Cheltaidd'; funded for five years). 'archived' may fit better."
gutorglyn-welsh,institution,"The entry title is the RQ collection name ('GutorGlyn Welsh'). The edition is 'Gwaith Guto'r Glyn' (Guto'r Glyn.net) by the University of Wales Centre for Advanced Welsh and Celtic Studies, and the entry's institution is null."
gutorglyn-welsh,other,The licence claimed in the RQ origin string (CC BY-NC-SA) could not be verified on the site.
hexenverhoer-sigs,other,"The entry's encoding 'plain-text' contradicts its own note ('hence encoding other (PAULA, TEI-derived)'). Verified: PAULA XML is published, so the value should be 'xml'."
hexenverhoer-sigs,other,"The note's claim that the texts were 'converted to TEI P5' is not borne out by any public file. LAUDATIO lists only the PAULA and relANNIS formats, and probes of format ids 2-4, 6 and 8-12 return 0-byte files."
hexenverhoer-sigs,other,"The note says the corpus 'contains 18' protocols, but the LAUDATIO release has 56 documents (18 is only the Kernkorpus). The project pages also say 56."
histcorp-swedish,notes,"Scope mismatch: title and notes describe only Fornsvenska textbanken, but 22 of the 49 RQ texts (4,980,550 of 5,641,945 words) come from HistCorp's 'Konsistoriet' subcorpus (Uppsala Academic Consistory protocols 1624-1699, pdftotext of Sallander's printed edition)"
histcorp-swedish,notes,Notes say 'The 20 RQ texts' while the entry has texts = 49
histcorp-swedish,url,HistCorp's source link for Fornsvenska textbanken (http://project2.sol.lu.se/fornsvenska/) no longer resolves (DNS failure)
humanumgitlab,url,"The main url https://gitlab.huma-num.fr/ redirects to the sign-in page (https://gitlab.huma-num.fr/users/sign_in). It is the hosting platform, not an edition."
humanumgitlab,url,"The entry aggregates 7 unrelated projects: Factums des métiers (CRH), TJEM trials (ARCHE Strasbourg), CaraNum (La Bruyère), Nouvelles nouvelles, Parnasse réformé, MEDICT (BIU Santé) and an Inquisition/Cazalla file. It would be better split into per-project entries. The data_url given is the largest contributor (44 of 77 in-core texts)."
humanumgitlab,period,"Period and word-count error: the largest in-core text, jvincent1/medict_xml xml/medict00216x02.xml, has 1,040,646 words (about 57% of the entry's 1,816,659) and is dated 1677 in RQ. It is actually James/Diderot, Dictionnaire universel de médecine, t. II, Paris: Briasson, 1746 (BIU Santé Medica record), which is outside 1450–1700. Its TEI header date is a '{date}' placeholder, and its root has xml:lang='lat' although the text is French, which is probably where 'Latin' in languages comes from."
humanumgitlab,other,The in-core texts include CaraNum test files (TEI/ressources/stresstest-macro.xml and stresstest-micro.xml) and a reference file (caracteres_ref.xml) alongside caracteres.xml.
impactes-originalimprint,notes,The entry notes field is cut off mid-path ('...rebuild/impactes_source_native_audit_20') and exposes internal RQ build paths.
izbornyk-ukrainian,url,"https://litopys.org.ua/ fails TLS (the certificate subject does not match the host). The site works only over http://, which is what the entry's url uses."
izbornyk-ukrainian,notes,The entry notes expose internal RQ provenance paths (rebuild/izbornyk_ukrainian_source_selection_2026-06-24.tsv; data/raw/Izbornyk_Ukrainian/Izbornyk_Ukrainian.jsonl; rebuild/rawtree_full_lock_2026-07-16.tsv).
kirishitan-japanese,url,"The English sub-pages for Feiqe no monogatari link to https://www2.ninjal.ac.jp/textdb_dataset/en/amhk/txt/amhk-{r,k,rk}-001.txt, which return 404. The Japanese pages' links work (e.g. https://www2.ninjal.ac.jp/textdb_dataset/amhk/txt/amhk-r-001.txt returns 200). The English links for Esopo, Contemptus Mundi and Nippojisho work."
kirishitan-japanese,notes,"The entry notes contain internal RQ build paths (rebuild/kirishitan_japanese_source_selection_2026-06-24.tsv, data/raw/Kirishitan_Japanese/Kirishitan_Japanese.jsonl, rebuild/rawtree_full_lock_2026-07-16) that mean nothing to public readers."
kronieken-dutch,notes,"The notes field contains internal RQ build paths ('data/raw/kronieken/chroniclingnovelty-chronicles-datasets-ee5a9f3/; rebuild/kronieken_raw_lock_2026-06-13.tsv; rebuild/kronieken_source_selection_2026-06-13.ts', which is also truncated)."
kronieken-dutch,status,"Possible status mismatch: the README says the NWO project 'ran from 2018 to 2024'. The dataset is a single frozen release (v1.0.0, 2024-08-16), and the GitHub repo has not been pushed since 2024-08-16. 'archived' may fit the schema better than 'active'."
kronieken-dutch,title,"The title is the RQ collection label 'Kronieken Dutch'. The dataset calls itself the 'Kronieken Dataset' (Chronicling Novelty project), and it also includes French-language chronicles (e.g. 1558_Brus_Anon_-_Chronique_de_Bruxelles)."
lampeter-english,url,"Main url https://ota.ox.ac.uk/desc/3193 no longer reaches the record. Browser user agents get only the Anubis challenge page (HTTP 200), while non-browser requests reaching the server get HTTP 404. Wayback captures show 200 in 2015-2019, then 302 in 2022-2024 to ota.bodleian.ox.ac.uk/repository/xmlui/handle/20.500.12024/3193, a legacy host that now times out. The live record is https://llds.ling-phil.ox.ac.uk/llds/xmlui/handle/20.500.14106/3193. I did not check what a real browser sees after the Anubis challenge."
lampeter-english,url,"Entry notes are outdated. The claim that ota:3193 'answers at https://ota.ox.ac.uk/desc/3193' reflects only the anti-bot page, and the 'bodleian UI URL' (ota.bodleian.ox.ac.uk, handle prefix 20.500.12024, cited in RQ's source string) now times out. The current PID is 20.500.14106/3193, though the handle server refused connections on 2026-10-08."
leme,other,The catalogued encoding 'plain-text' is wrong: the project publishes custom (non-TEI) XML for all 314 items of its TSpace/Scholaris collection.
liberliber,url,"Main url https://www.liberliber.eu/ 302-redirects to https://www.liberliber.eu/teaser/, a video splash page whose only content is a link 'visita LiberLiber.it'. The live library is https://liberliber.it/; the www.liberliber.eu host still serves the download files under /mediateca/."
liberliber,title,"HTML, the precedence winner, covers only part of the library (4 of 85 RQ-mapped works); the dominant formats are ePub, ODT and PDF, with TXT for older titles. 'html' describes the best format available, not the typical one; worth a human check."
liberliber,institution,institution is null: the library is run by the Associazione Liber Liber (Progetto Manuzio).
litteraturbanken-swedish,url,"Entry url points to Språkbanken's derivative lb-open corpus (Sparv-annotated XML dump last updated 2023-11-13), not to the edition's own site https://litteraturbanken.se, where the TEI is published"
litteraturbanken-swedish,url,Entry url host spraakbanken.gu.se now 302-redirects to sprakbanken.se (still resolves)
litteraturbanken-swedish,institution,Title 'Litteraturbanken Swedish' is the RQ collection label and institution is null
maltese-cantilena,url,"The entry URL is a Wikipedia encyclopedia article, not an edition. RQ's text is identical to that article's 'Original orthography' column apart from one apostrophe (’ vs '), yet the RQ origin string credits 'OAR@UM / UNESCO (Wettinger-Fsadni diplomatic edition)'."
maltese-cantilena,other,The Wikisource transcription has no cited source and differs from the Wikipedia/RQ text at line 18: 'haliex' vs 'halex'.
mambrino,url,"The entry url points to one volume only (Sferamundi 1, Zenodo 14235252). All the project's datasets are listed in the Zenodo community https://zenodo.org/communities/mambrino/records, and the reading edition is at https://mambrino.mappingchivalry.dlls.univr.it/"
mambrino,notes,"Scope: the RQ collection (7 texts) includes Il secondo libro di Palmerino d'Oliva (Zenodo 20445621), which the title and notes leave out; the notes list only the six Sferamundi records. The community also has Flortir. Prima parte (Zenodo 20445007, published 2026-05-29)"
mambrino,other,"Licence inconsistency: Zenodo says CC BY-SA 4.0 for Sferamundi and CC BY 4.0 for Palmerino and Flortir, but the SM1 TEI header and the website metadata say CC BY-NC-ND 4.0"
map-of-early-modern-london,status,"Status may be stale. The entry says 'active' and years_active ends 'ongoing', but there has been no release since Edition 7.0 of 05 May 2022: release_notes_071, 072 and 080 return 404, the homepage Last-Modified is 2022-05-05, and the latest news item is news_2021-06-30. The MoEMLondon/MoEMLissues repo was last pushed 2022-05-30, with its latest issue update on 2023-05-02. The mayoral-shows strand continues on LEMDO (lemdo.uvic.ca/moms)."
mazarinades,institution,"The institution 'Bibliothèques patrimoniales de la Ville de Paris' is not supported by any source. The dataset creator is Karine Abiven (Sorbonne Université), the TEI publicationStmt says 'Projet ANTONOMAZ / Sorbonne Université', and the digitised sources are Bibliothèque Mazarine, Gallica (BnF) and Google Books."
mazarinades,status,"The entry url is the frozen December 2022 Zenodo snapshot (3,064 texts). The edition's own live site is https://antonomaz.huma-num.fr/ (TEI Publisher, '3.132 à ce jour'), and the newer TEI repository is github.com/Antonomaz/Corpus."
mek,period,"Provenance mismatch: 3 of the 8 RQ texts behind this entry do not come from MEK. Gyöngyösi's Murányi Vénus (1664), Gyöngyösi's Phoenix (1693) and Esterházy Pál's Egy csudálatos ének come from ELTE's Syrena site (magyar-irodalom.elte.hu/syrena, Department of Old Hungarian Literature), so the entry's text and word counts and its period (1554–1693) are partly not MEK's."
mek,institution,The institution field is null. MEK is run by the National Széchényi Library (OSZK); the site footer reads '© MNMKK OSZK'.
mercuregalant,status,"The entry notes say 'RQ harvested 1672-1689 issues', but the RQ frozen DB has 26 MercureGalant texts for years 1672-1700, which matches the period field 1672-1700."
mercuregalant,url,The old OBVIL reading site (obvil.sorbonne-universite.fr/corpus/mercure-galant/) is dead: HTTPS fails and HTTP returns 404. It is still the <idno> in every TEI header.
mercuregalant,title,"The title says 1672-1710 (ObTIC also says 1672-1710), but the repo's xml/ folder runs to MG-1721-05."
mercurius-baumbank,other,"The catalogued encoding 'tei' is wrong. LAUDATIO's TEI files are corpus, document and annotation metadata headers with an empty <text />; the text is distributed as TIGER-XML, NEGRA and relANNIS."
mercurius-baumbank,notes,"The entry notes say 'an annotated TEI corpus … Encoding TEI (LAUDATIO standard)', which is inaccurate."
mercurius-baumbank,url,The project homepage given in the LAUDATIO metadata (http://www.uni-potsdam.de/guvdds/projekte/abgproj.html) returns 404. The current project page is https://www.uni-potsdam.de/en/guvdds/projects/complproj/mercuriustreebank-1.
montoya-guarani,scope,"The catalogue says plain-text, but the IA item publishes its text as XML (DjVuXML, ABBYY) and as hOCR HTML. That XML is uncorrected machine OCR of a page scan (a layout format), not an edited encoding, so the owner may want one consistent policy for all Internet Archive scan entries."
montoya-guarani,status,Status 'active' is questionable for a static IA scan uploaded 2012-02-23 with no editorial project behind it. The recent item_last_updated (2026-04-23) only reflects IA's automatic re-derivation.
muysccubun-muisca,url,"From this network, curl times out on HTTPS for muysca.cubun.org and coleccionmutis.cubun.org, while http://muysca.cubun.org/ returns 200 and WebFetch loads the https:// pages. An automated --check-url run from here may wrongly report the url as dead."
muysccubun-muisca,title,"6 of the 13 RQ texts (ms2922_bprm_*) come from the companion wiki coleccionmutis.cubun.org (MS 2922 BPRM, a MediaWiki with Semantic MediaWiki), which the entry title does not mention."
nahuatl-depth,url,"Main url https://www.history.ucsb.edu is the UCSB History department homepage, not the edition. The edition is the PDF https://www.history.ucsb.edu/wp-content/uploads/testaments_of_culhuacan.pdf (Sarah Cline's emeriti page: https://history.ucsb.edu/emeriti/cline/)."
nahuatl-depth,url,"The title 'Nahuatl depth' is an RQ collection label. The collection mixes two separate editions: The Testaments of Culhuacan (80 texts; UCSB PDF) and the Early Nahuatl Library (16 texts; https://enl.wired-humanities.org, HTML, TEI on request). The ENL could be a separate entry (encoding html/tei-on-request)."
nahuatl-depth,status,"Status 'active' is doubtful: the UCSB file is a static 2010 'provisionally modified first edition' PDF of the 1984 book, superseded by the 2023 trilingual edition; the ENL footer reads ©2000–2018."
nahuatl-depth,institution,"Institution is missing (UCLA Latin American Center Nahuatl Studies Series / UCSB History for Culhuacan; Wired Humanities Projects, University of Oregon for ENL)."
nakala,url,"This entry is a catch-all, not one edition. The 109 in-core texts come from about 20 unrelated Nakala projects: e-Balzac 36, Factums des métiers (J.-D. Généro) 15+, Michel d'Amboise 15 (Université de Rouen-Normandie 2021, no collection), OFROM/CFPR (M. Avanzi) 10, OBVIL danse/théâtre 10, Orphidys 9, plus MELPONUM, ELAN, Translatoscope, fabula-numerica, Time Us, AgroCCol, HumaReC GA 460 and Actes princiers. The depositors are identifiable through the API, contrary to the entry notes. Splitting into per-project entries with collection DOIs as data_url (e.g. https://nakala.fr/collection/10.34847/nkl.9aedx59a) would be more accurate."
nakala,period,"At least 50 of the 109 in-core items are not 1450-1700 texts despite RQ's years: 36 Balzac Comédie humaine texts (Furne 1842-48), 3 Flaubert Bouvard et Pécuchet dossiers, 10 Avanzi spoken-French recordings (e.g. FRA2020_0019, created 2020-03-10, Villemomble, .tei/.TextGrid/.wav; RQ year 1515) and 1 Time Us ODD schema (nkl.525258sp; RQ year 1695). Several 18th-century OBVIL treatises are also misdated (e.g. Rameau's Maître à danser 1725 as 1674). The period '1458-1698', the word count and 'texts: 109' are therefore unreliable."
nakala,title,"The title says 'Latin texts', but 96 of the 109 in-core texts are French; only 13 are Latin."
norman-musenormande,scope,"The catalogue says plain-text, but the IA item publishes its text as XML (DjVuXML, ABBYY). That XML is uncorrected machine OCR of a Google page scan (a layout format), not an edited encoding, so the owner may want one consistent policy for all Internet Archive scan entries."
norman-musenormande,status,"Status 'active' is questionable for a static Google Books scan (scanned 2007, uploaded to IA 2009-12-22 by 'tpb') with no editorial project behind it. The item_last_updated (2024-02-01) only reflects IA re-processing."
noscemus,url,Main url https://www.uibk.ac.at/projects/noscemus/ returns 200 but is an empty legacy 'UniCMS' shell with no project content; the current project page is https://www.uibk.ac.at/en/projects/noscemus/ (Sourcebook/data info at https://www.uibk.ac.at/en/projects/noscemus/database/).
noscemus,status,"Status 'active' but the ERC project ran 10/2017–09/2022 (prolonged to 04/2023); its resources are now preserved as back-ups (Zenodo 7855322, wiki, 2023-03-31; Zenodo 15040256, sourcebook, 2025-03-17)."
noscemus,url,"The NOSCEMUS Wiki (https://wiki.uibk.ac.at/noscemus/Main_Page), linked from the project page, returned HTTP 503 twice on 2026-10-08."
obvil-french,url,"Main url https://obtic.sorbonne-universite.fr/corpus is live (200) but lists only Sainte-Beuve, Ponge, Paulhan, Góngora, Mythographie and Molière, not the Danse, Facéties or Critique corpora behind this entry. Those are on https://obtic.sorbonne-universite.fr/liste/ and GitHub."
obvil-french,url,The old reading site obvil.sorbonne-universite.fr fails over HTTPS (curl 000/TLS error) and returns 404 over HTTP for corpus paths. It is still the <idno> in the TEI headers and the 'Corpus' link target on ObTIC's /liste/ page.
obvil-french,other,OBVIL/faceties was last pushed 2019-09-23 and publishes only one TEI text (xml_orig/xml_orig_Faceties_011.xml); its other texts are ODT.
obvil-hainetheatre,notes,"The entry notes say 'the 14 RQ texts match its file namespace exactly', but the entry has texts=85 and RQ collection OBVIL_HaineTheatre has 85 texts, matching the 85 xml/ files dated up to 1700. The notes figure is stale."
occitan-1000ans,url,"Entry conflates two sources. Only 8 of the 57 RQ texts (uoh_* excerpts of 114–386 words) come from the UOH anthology at the entry url. 49 (ws_*: Godolin's Ramelet Moundi, Gailhard's Lou Banquet, Esquerrier's Canoniga dels comtes de Foix, one Garros) come from Occitan pages of the multilingual Wikisource (https://wikisource.org/wiki/Main_Page/oc, https://wikisource.org/wiki/Category:Occitan). The text/word counts and period 1456–1617 therefore describe mostly Wikisource material."
occitan-1000ans,status,"Status 'active' but the UOH anthology looks static: newest post dated 21 Jan 2016 in the RSS feed, site on WordPress 4.4."
ode-corderegraspanish,url,"The entry's url https://corpora.uah.es/charta/ (the CHARTA portal) carries only 8 CORDEREGRA documents (CORDEREGRA-5001 to 5005, 7001 to 7003). CHARTA's own CORDEREGRA card links 'Acceso al corpus' to http://corpora.ugr.es/ode/. All 138 RQ texts are ODE documents (ode_<ODE-ID>.txt; local raw ode_xml/*.xml)."
ode-corderegraspanish,other,"Identity mismatch: by their harvested XML headers, RQ's 138 'CORDEREGRA' texts are CORTENEX 56, HISPATESD 51, CORDEREGRA 30 and ALEA18 1. Live ODE now labels them VIVE/HISPATESD/ALEAO18/ALEA18, and its encoding guide lists no CORDEREGRA project. The resource is effectively ODE (Oralia Diacrónica del Español, Calderón Campos and García-Godoy, Universidad de Granada)."
ode-corderegraspanish,status,"Status 'discontinued' fits only the standalone CORDEREGRA site, since corderegra.es does not resolve in DNS. ODE, which hosts the texts, is active (project PID2022-136256NB-I00; 2026 news on oraliadiacronica.es)."
ode-corderegraspanish,url,"ODE has no working HTTPS (curl error 35 / SSL WRONG_VERSION_NUMBER), so links must use http://."
old-hungarian-corpus,status,Status 'active' may overstate. The site says the MGTSZ projects 'ran from 2009 to 2013 and from 2015 to 2018'. HTML pages were last modified 2018-09-26 and 2019-10-28 (Last-Modified headers); document files carry 2019 and 2023 dates. 'archived' may fit better.
old-hungarian-corpus,url,HTTPS is not usable (self-signed certificate); the http:// URL in the entry works (200).
openedges,url,Entry url host spraakbanken.gu.se 302-redirects to sprakbanken.se (still resolves)
openedges,status,"Possible status mismatch: no new release since OpenEDGeS v1.01 (files dated 2021-05-24; funding project 2018-2021), only repackaging dated 2024-01-25; 'archived' may fit the schema better than 'active'"
openedges,url,The handle cited in the release's 'Read me.txt' (https://hdl.handle.net/10794/openedges) returns HTTP 500; the DOI works
osta,notes,"The Zenodo record 10.5281/zenodo.18931376 (v1.0.0, the RQ source and the one the entry notes cite) lags the GitHub repo: 644 vs 670 transcriptions and no verticalized/ folder (added 2026-05-24). The entry notes describe only transcriptions and metadata."
otomi-mission,url,"The main url https://www.sup-infor.com is the publisher's splash homepage, not the edition. The Códice de Huichapan text is at https://www.sup-infor.com/sources/codex_otomi/cod_huic-txt.htm (listed on https://www.sup-infor.com/sources/liste-otomi.htm)."
otomi-mission,institution,"The title 'Otomi mission' is just the RQ collection name. The content is the Códice de Huichapan (Otomí), paleography by David Charles Wright Carr (2002, rev. 2011), published by Ediciones SUP-INFOR; the entry's institution is null."
otomi-mission,status,"Status is 'active', but the edition has not changed since 2011–2012: the page says 'Última revisión: 18 de junio de 2011', its Last-Modified is 2012-06-15, and the zip's is 2011-07-04. The Sup-Infor site as a whole was last updated 2025-08-23."
passiusalmar-icelandic,status,"Status mismatch: the entry says 'active' but the site is static. Its 'Um vefinn' page says it was first released 9 Feb 1998 and 'síðast uppfærður í apríl 2014'; the WordPress REST API lists 21 pages and 0 posts, last modified 2020-06-26."
passiusalmar-icelandic,institution,"The entry's institution is null, but the site credits RÚV (producer), Stofnun Árna Magnússonar á Íslandi and Landsbókasafn Íslands – Háskólabókasafn; the text comes from Landsbókasafn's 1996 edition."
pceec2,notes,The entry notes field is cut off mid-path ('...rebuild/pce') and exposes internal RQ build paths.
pepys-diary,other,"Encoding is mislabelled as plain-text. The Gyford edition is published as HTML (web pages plus a JSON/HTML API); 'plain-text' comes from RQ having ingested Project Gutenberg #4200, which is the edition's source text rather than the edition."
pepys-diary,period,"The period '1665-1665' is wrong: the diary runs from 1 Jan 1660 to 31 May 1669 (API entries 1660-01-01 to 1669-05-31; RQ origin 'Samuel Pepys, Diary (1660-1669)'). 1665 is just the single year RQ assigned to its one text."
pepys-diary,other,"The RQ-derived statistics (1 text, 1,277,817 words) measure the Project Gutenberg #4200 e-text, which includes Wheatley's and Braybrooke's editorial matter, not the pepysdiary.com text."
perseus-digital-library,url,"Entry url https://www.perseus.tufts.edu/ is the home page of the whole Perseus DL (Greek, Latin, Arabic, ...). The entry only describes the English 'Renaissance Materials' collection (RQ PerseusEng_Renaissance, 81 texts). The collection page http://www.perseus.tufts.edu/hopper/collection?collection=Perseus:collection:Renaissance and /hopper/opensource/download returned HTTP 503 'Backend fetch failed' (Varnish) on 3 attempts on 2026-10-08. The home page and /hopper/collections returned 200."
perseus-digital-library,scope,Entry title 'Perseus Digital Library' is broader than the catalogued scope (early modern English collection only).
polemicagongorina-obvil,url,"The OBVIL reading site has moved. obvil.sorbonne-universite.fr now serves only a placeholder ('OBTIC @ HUMA-NUM'): https fails with a certificate mismatch and http /corpus/gongora/polemos returns 404. The repository's homepage field, http://obvil.paris-sorbonne.fr/corpus/gongora/, 301-redirects to obvil.sorbonne-universite.site, which does not resolve in DNS. The reading edition and its download menu now live at https://obtic.huma-num.fr/obvil-web/corpus/gongora/ (200). The entry's notes should be updated; its main url (GitHub) is fine."
postscriptum,url,"Entry url https://post-scriptum.org/ is wrong. It is 'Post-Scriptum', a Quebec literary-studies journal (latest issue PS 41 'De la coincidence', Sept 2026), unrelated to CLUL. The project's own citation URL is http://ps.clul.ul.pt, which redirects (302) to http://teitok.clul.ul.pt/postscriptum/ (200)."
postscriptum,url,"https://ps.clul.ul.pt and https://teitok.clul.ul.pt fail TLS verification (unknown issuer, and hostname mismatch). Only http works."
postscriptum,status,"Possible status mismatch: the entry says 'active', but the ERC project (GA 295562) ran 2012-2017 and the TEI download zips were last modified 2019-05-04. The site itself is still online."
project-gutenberg,other,"Provenance mismatch: the RQ collection Hakluyt_English (16 texts, counted in this entry) includes 2 non-Gutenberg texts, emdrama_A57093_play and emdrama_K049485_play, whose origin is 'VEP Early Modern Drama (EMDrama, CC0) — TCP A57093/K049485'."
project-gutenberg,other,"public_xml is 'none' at entry level, but TEI does exist for 2 of the 250 ebooks (#25645 and #39816). Link those individually if per-text links are wanted."
project-gutenberg,other,PG's robot policy forbids automated access to www.gutenberg.org except the robot/harvest endpoint and mirrors. This matters for link checking.
qhod,notes,"The entry notes say ""RQ's 219 texts"", but texts=17 and the RQ collection QHOD has 17 texts (sema/Selim_II_Urkunde_*.xml). In all 16 local sema files the text-level xml:lang is only 'ota' (edition) and 'de' (translation), never 'la'. The 'Latin' language may come from another sub-edition (vrancic, not checked)."
ref-enhg,status,"Possible status mismatch: status is 'active', but the latest data release is v1.0.2 of 2021-12-20 (all 4 Zenodo versions date from 2021) and the project site says 'Last update: 2023-08-03'. ANNIS search is still online."
ref-enhg,notes,The notes field contains truncated internal RQ build paths ('data/raw/ref/ReF-v1.0.2/; rebuild/ref_raw_lock_2026-06-13.tsv; rebuild/ref_source_selection_2026-06-13.tsv; rebuild/ref_sour').
ref-enhg,institution,"The title 'ReF ENHG' is the RQ collection label. The project's own title is 'Referenzkorpus Frühneuhochdeutsch (ReF) / Reference Corpus of Early New High German (1350–1650)'. The institution is null, although the README names Ruhr-Universität Bochum, MLU Halle-Wittenberg and Universität Potsdam."
renlowgerman,status,"Status 'active' does not fit the evidence: the ReN site says the DFG project ran January 2013 to July 2019, the last data release is v1.1 of 2021-01-06 (11 versions on FDR, none later), and the site was last changed 30 August 2023. 'archived' fits better."
renlowgerman,notes,"Entry notes call the CorA-ReN-XML dump 'TEI'. It is CorA XML (root <text>, <cora-header>, <token>/<dipl>/<anno>, no TEI). The TEI is the separate tei_1.1.zip in the same FDR record."
rhythmiccorpus-sga,other,"texts=117 counts 29 '-ritmos.txt' scansion files (strings of '+'/'-', 88,390 'words' in RQ) as texts, alongside 88 deduplicated plays. The dataset holds 100 plays plus 100 scansions."
rhythmiccorpus-sga,period,"period '1620-1620' is an RQ placeholder, not the plays' dates: all 129 RQ rows have year=1620 with date_confidence 'sga_inferred', yet the playwrights range from Cervantes to Moreto."
rialc-catalan,url,"The main url is given as http://www.rialc.unina.it/, which redirects to https://www.rialc.unina.it/ (200). It is not dead."
rialc-catalan,notes,"The catalogued encoding 'plain-text' contradicts the entry's own notes ('HTML, not TEI'); the site publishes HTML."
rin-conde,status,"Status 'active' looks stale. Last commit on GitHub master is 2022-04-21 (repo pushed_at 2022-10-12). The GitLab mirror's last activity is 2022-04-21. The blog conde.hypotheses.org last posted on 2021-09-29. The corpus is still 'beta 1.0'. The site is still online, so 'archived' may fit better."
rin-conde,other,"The project documentation page (doc.html) says 'Le corpus est également hébergé par Nakala', but the link is empty (href=""""). Nakala API searches found no ConDÉ TEI deposit."
ropsalt-romanian,status,"Status 'active' is doubtful. The project page gives the funding period as 4 January 2021 to 31 December 2023. The GitHub repo was created and last pushed on 2023-12-06 (all 4 commits that day), the Corpus page was last modified 2023-12-22, and the entry's own last_modified is 2023-12-06. The project looks completed and static."
royal-society-transactions,url,"The catalogued url https://royalsocietypublishing.org/ is the Royal Society's journal platform (to scripts it returns HTTP 403 with 'cf-mitigated: challenge', a live site behind Cloudflare), not the source of the catalogued texts. The texts come from the Royal Society Corpus 6.0 Open built at Saarland University (https://fedora.clarin-d.uni-saarland.de/rsc_v6/, PID hdl:21.11119/0000-0004-8E37-F). 'institution: The Royal Society' likewise names the publisher of the originals, not the corpus team (Fischer, Knappen, Menzel, Teich)."
rup-folger,notes,"The entry notes say 'no stated licence', but all 20 local and the sampled live poem headers declare CC BY-SA 4.0 in teiHeader/publicationStmt/availability/licence."
rup-folger,other,"The live repo now has 21 poems. It adds rup_000021_add11811_3v.xml, from British Library Add. MS 11811 (not a Folger manuscript); the entry counts 20 texts."
russian-national-corpus,url,"The entry describes the whole RNC (url https://ruscorpora.ru/, institution null), but its RQ texts and statistics come only from the UD_Old_East_Slavic-RNC treebank sample: 13 texts aggregated by source edition, about 96k words. The RNC itself offers no download of its Middle Russian corpus."
russian-ulozhenie1649,url,"The catalogue notes name hist.msu.ru and the Tikhomirov/Epifanov 1961 edition as the source. The live Wikisource edition instead cites and transcribes Полное собрание законов Российской империи, Собрание первое, т. I (St Petersburg, 1830), djvu pages 32-192, all 161 pages validated. The 2008-era typed chapter subpages ('Соборное уложение 1649 года/Глава ...') now all redirect to the PSZ transclusions."
salamanca,url,"Scope: the entry (18 texts) covers only the GitHub/Zenodo release. The project site lists 99 works and offers a 64-work TEI corpus zip (https://www.salamanca.school/data/sal-tei-corpus.zip, linked from https://www.salamanca.school/en/works.html), which could be linked as well."
salamanca,notes,"Entry metadata is thin: the title is just 'Salamanca' and institution is null (the project is run by the Akademie der Wissenschaften und der Literatur Mainz with the MPI for Legal History and Legal Theory and Goethe-Universität Frankfurt, per the README). The notes field holds truncated internal RQ build paths ('data/raw/salamanca/...; rebuild/salamanca_source_na')."
senie-latvian,other,The entry's encoding 'plain-text' is wrong: the source publishes TEI P5 XML.
senie-latvian,notes,The entry's notes field is truncated mid-path ('rebuild/senie_so').
sermo,period,"The entry's period '1600-1600' is wrong. The site's 62 sermons run from 1555 (_1555_Jean_Calvin_RSL) to 1750 (_1750_Isaac_Jacquelot_ARE), and the corpus page says 'entre 1550 et 1750'."
sermo,url,"The entry's notes name Zenodo as the XML release. That copy is missing 5 of the 62 sermons, adds one that is not on the site, and 53 of its 58 XML files are <body> fragments without a header. The complete TEI is on the project site (data_url). The notes also describe tokenisation, lemmatisation and POS tagging, but none of that is in the public XML; it exists only in CQPweb, which requires a login."
sermo,status,"The site works over http only (https times out). The project ended in 2018, and its GitHub code repos (ljiljana-dolamic/SERMO, SERMO-NLP, SERMO-CQPweb) were last pushed in August 2018 and are not archived. This fits the entry's status 'archived', but the site may not stay up."
sloveneimp,url,"MAIN URL WRONG: https://www.clarin.si/repository/xmlui/handle/11356/1255 is 'The CLASSLA-StanfordNLP model for lemmatisation of standard Croatian' (a tool record), not IMP. The correct record is https://www.clarin.si/repository/xmlui/handle/11356/1031, 'Digital library and corpus of historical Slovene IMP 1.1'. The harvested zip's MD5 0ef0e0a88906037d33b40ddf0a616533 equals that record's IMP-corpus-tei.zip."
sloveneimp,notes,"The notes cite 'a texts-only version hdl 11356/1423', but 11356/1423 is 'Slovenian Twitter dataset 2018-2020 1.0'. The IMP site's real companion records are goo300k 11356/1025, imp25k lexicon 11356/1032 and n-grams 11356/1194."
sloveneimp,title,"Title, period and licence disagree with the source: the official title is 'Digital library and corpus of historical Slovene IMP 1.1' and the period is 1584-1919, not 1567-1899. The licence is CC BY-SA 4.0 for the whole resource, not 'CLARIN.SI terms, varying per subcorpus'."
smi-italianmusic,url,"Main url https://chmtl.indiana.edu/smi no longer reaches SMI. It redirects to a generic CHMTL 'Digital Archives' page saying the thesauri are unavailable after a university-wide outage. Text URLs redirect there too, and the provisional host serves only TML (/smi/ returns 403)."
smi-italianmusic,status,"Status mismatch: the entry says 'active', but SMI content is offline and reachable only via Wayback, which is effectively 'discontinued' until restored."
smi-italianmusic,institution,"The title 'SMI ItalianMusic' is the RQ collection name; the project is 'Saggi musicali italiani (SMI)'. Institution is null; it should be the Center for the History of Music Theory and Literature (CHMTL), Indiana University, with the project directed by Andreas Giger (LSU)."
sonetossiglodeoro,other,"Minor count issue: the repo contains a Dropbox conflict copy, 'GutierreDeCetina/GutierreDeCetina_178 (Copia en conflicto de Felipe Sánchez Martínez 2017-04-17).xml', next to GutierreDeCetina_178.xml. The 5,078 files (and the catalogue's 5,078 texts) therefore likely include one duplicate."
spxvi-polish16c,institution,"Title 'SPXVI Polish16c' is the RQ collection label; the project is 'Korpus polszczyzny XVI wieku' (IBL PAN, Pracownia Słownika Polszczyzny XVI wieku, Toruń), and institution is null"
statutes-realm,url,"The main url https://www.british-history.ac.uk/search/series/statutes-realm is an old BHO 5 search route. On BHO 6 it returns HTTP 302 to /challenge?destination=/search/series/statutes-realm, a CAPTCHA page ('Challenge | British History Online'; WebFetch saw the same). Wayback has 200 captures from 2022-23 but a 403 on 2026-10-05. Use the canonical series page https://www.british-history.ac.uk/series/statutes-realm (200), which lists vols 5, 6 and 7."
statutes-realm,other,"RQ's inventory source_ref names only /statutes-realm/vol5, but the harvested JSONL covers vol5 (96 pages), vol6 (99) and vol7 (96)."
suriano-correspondence,url,"Entry url is the project's auxiliary Text-Fabric/data repo (README: 'an auxiliary repo for publishing the letters by Suriano through the Text-Fabric pipeline'), not the edition. The edition's own site is https://suriano.huygens.knaw.nl, with the reading edition at https://edition.suriano.huygens.knaw.nl (both HTTP 200)."
suriano-correspondence,status,"Status mismatch: the README says 'This repo is now archived' and shows a repostatus 'Inactive' badge, and the last commit on main is 2025-10-23 ('before archiving'). GitHub's archived flag is still false and the entry status is 'active'. The edition site is still online, so 'archived' may fit better; owner to judge."
suriano-correspondence,notes,"The Zenodo DOI in the notes (10.5281/zenodo.13950093, v1.1) does not contain the TEI; only the GitHub main branch does."
suriano-correspondence,notes,"The notes field holds internal RQ build paths (data/raw/suriano/..., rebuild/suriano_raw_lock_...)."
tagalog-doctrina1593,title,"The entry title is the RQ collection name. The PG work is 'Doctrina Christiana: The first book printed in the Philippines, Manila, 1593' (facsimile ed. Edwin Wolf 2nd; produced by Jeroen Hellingman, Tamiko I. Camacho and PG Distributed Proofreaders)."
tagalog-doctrina1593,languages,"PG lists the languages as English, Spanish and Tagalog; the entry lists only Tagalog, because RQ extracted only the 12 Tagalog prayers."
tbso-gh,url,"The companion repo named in the entry notes, github.com/dxvidmr/teatro-breve-del-siglo-de-oro ('holds the full xml_tei tree'), returns 404 (both web and gh api) and is not among dxvidmr's public repos."
tbso-gh,notes,"The notes say 'No explicit licence in the repository', but the README ('Todos los contenidos ... bajo licencia CC BY-NC-SA 4.0') and all 9 TEI headers state CC BY-NC-SA 4.0."
tbso-gh,institution,"The institution/provenance claims are not supported. The README calls it 'un proyecto de investigación-exploración personal' of David Merino Recalde. The TEI headers cite printed base editions (Cotarelo y Mori 1911, Colección de entremeses, repr. Univ. de Granada 2000; Madroñal ed., Nuevos entremeses, 1996), not BNE/FANTEN/RAE transcriptions. Web searches found no Universidad de Sevilla 'Teatro Breve del Siglo de Oro' project publishing these files."
theatreclassique,other,"The entry's encoding 'plain-text' is wrong: the project publishes an XML file for every play, as well as HTML, PDF and TXT."
theatreclassique,notes,The entry notes contain a truncated internal RQ build-path string ('rebuild/remaining_missing_collections_2026-06-13.txt; ... remaining_missin').
theatreclassique,url,theatre-classique.fr returns HTTP 406 to scripted clients on all /pages/ URLs (anti-bot filter); pages and files are reachable in a browser or WebFetch.
theatreclassique,url,"Both RQ texts came from dramacode/tcp5, not from theatre-classique.fr. tcp5's dorimond_festindepierre.xml credits Molière 21 / Université Paris-Sorbonne (Marc Douguet, '2016, stylage et conversion TEI'), and the play is not on theatre-classique.fr: pages/documents/DORIMOND_FESTINDEPIERRE.xml returns 404 and it is not among the 4 Dorimond plays listed. tcp5's dufresny_etourdi.xml actually contains 'Le chevalier joueur' (1697)."
thornton-kikongo,url,"The main url is John Thornton's faculty profile, not an edition. The texts are indexed at https://www.bu.edu/afam/people/faculty/john-thornton/john-thorntons-african-texts/ (200); the sermon is at https://www.bu.edu/afam/people/faculty/john-thornton/roboredo-kikongo-sermon/ (200)."
thornton-kikongo,url,"This is a composite entry. Only the Roboredo sermon (408 words) is Thornton's edition. The Doutrina Christãa (6,616 of 7,024 words) comes from Bontinck & Ndembe Nsasi, ARSOM Mémoires T.XLIV-5 (1978), and is not on Thornton's site: a site search for 'doutrina' only finds the sermon page. The title and attribution are misleading, and data_url covers only the Doutrina."
thornton-kikongo,status,Status is 'active' but the site is static. Thornton's pages were created in June 2011; the sermon page was last modified 2011-08-04 and the index page 2015-11-18 (WP REST API).
thornton-kikongo,institution,institution is null; the host is Boston University (African American & Black Diaspora Studies).
ticha-zapotec,other,The catalogued encoding 'plain-text' is wrong. The source repository is TEI P5; 'plain' is RQ's plain-text JSONL derivation.
ticha-zapotec,status,"Status 'archived' is only partly supported. GitHub does not mark the repo archived (archived=false), although it has been dormant since 2022-03-10. The project site https://ticha.haverford.edu/en/ is live (HTTP 200) and asks volunteers to transcribe manuscripts ('31/204 (15%) of manuscripts have transcriptions ... We would love your help!')."
ticha-zapotec,url,"The entry url points to the data repository, not the edition's public site, https://ticha.haverford.edu/en/. The repo README still links the old address ds-omeka.haverford.edu/ticha, which now redirects to a 404."
ticha-zapotec,other,"The licences disagree: the repo license.txt is CC-BY-SA-4.0, while the site states CC BY-NC-SA 4.0."
titus,other,"XML covers only 4 of the entry's 26 texts (Old Lithuanian, via the TITUS-hosted SLIEKKAS sub-project). Albanian, Old Prussian, Georgian and Szyrwid 1629 are HTML only on TITUS."
tmi-smi-italian,other,"A TEI P5 deposit exists at DANS (doi:10.17026/dans-zum-ywbw), but since the EASY-to-Data-Station migration every file is restricted with access requests disabled, so the TEI is not publicly obtainable."
tmi-smi-italian,url,The SMI component (10 of 41 texts) comes from Saggi Musicali Italiani. chmtl.indiana.edu/smi/ now redirects to the CHMTL thesauri page with an outage notice; RQ harvested SMI from the Wayback Machine.
tmi-smi-italian,period,TmiWeb shows © 2000–2015 and no visible updates since. 'active' may overstate maintenance ('archived' may fit better).
tmk,other,"The ARP dataset record cited as the source (hdl:21.15109/ARP/KPFUAG) is metadata-only, with 0 files in every version. RQ's note calling it 'open-bulk' is wrong: there is no bulk download."
tml,other,The catalogued encoding 'plain-text' should be 'html'. The published files are HTML; plain text is RQ's derivation (dossier origins read 'github cmm2209/TMLr/15th/ANO10DEM.html').
tml,url,"The entry url points to TMLr ('Thesaurus Musicarum Latinarum Revivificatus', created 2026-01-04), Caleb Mutch's third-party CC BY 4.0 adaptation, not to the official TML. https://chmtl.indiana.edu/tml/ now redirects to an outage notice at https://chmtl.indiana.edu/hmt/thesauri/index.html, which links a provisional copy at https://lightseagreen-dog-349934.hostingersite.com/tml. The title 'TML' is a bare acronym."
tychobrahe-portuguese,url,"Main url is a direct download of the plain-text derivative (https://www.tycho.iel.unicamp.br/corpus/texts/txt.zip), not the project site; the corpus home is https://www.tycho.iel.unicamp.br/corpus/ (English: https://www.tycho.iel.unicamp.br/corpus/en/)."
tychobrahe-portuguese,institution,"institution is null; the corpus is hosted and maintained at IEL, Universidade Estadual de Campinas (IEL-UNICAMP)."
vakk-estonian,institution,institution is null; VAKK is built by the University of Tartu old literary Estonian research group (CELR META-SHARE record publisher: Center of Estonian Language Resources).
vespasianoletters,url,The live site's dataset page https://projects.dharc.unibo.it/vespasiano/dati links './vespasiano/rdf/vdbRdf.rdf'. That resolves to /vespasiano/vespasiano/rdf/vdbRdf.rdf and returns 404. The file is actually served at https://projects.dharc.unibo.it/vespasiano/rdf/vdbRdf.rdf (206 on a range request).
vespasianoletters,other,"Entry counts texts=1 (RQ's concatenated vespasiano_letters.txt), but the edition has 45 letters, 44 of them transcribed."
vespasianoletters,status,"Two editions are online. v2 (2013, CC BY-NC-ND 3.0) is at http://vespasianodabisticciletters.unibo.it/, which DOI 10.6092/unibo/vespasianodabisticciletters still resolves to. v3.0 (2020, CC BY 4.0) is at the entry url (200). The GitHub repo's last commit is 2020-06-11, consistent with status 'archived'."
vietnamese-derhodes,status,"The notes call this a 'page-by-page proofread transcription', but Wikisource's proofreading status for the 330 Index pages is: 316 'Chưa hiệu đính' (pagequality level 1, not proofread), 11 without text, and only 3 proofread (pp. 3, 5, 7). Pages were bot-imported (AkBot, 2018) and partly edited in 2022."
vks-oldliteraryfinnish,url,"The entry url (kielipankki.fi/corpora/vks) is Kielipankki's Korp search-access page, where full texts cannot be read. The full texts and TEI files are published by Kotus (Kotimaisten kielten keskus) in Kaino. The institution field is null."
vks-oldliteraryfinnish,url,"kaino.kotus.fi is behind a Cloudflare JS challenge, so scripted requests (curl, WebFetch, validate_entry.py --check-url) receive HTTP 403 even though the pages exist."
vks-oldliteraryfinnish,other,"The corpus has been static since 2006 (Kaino dcterms:modified 5.12.2006; Korp version 2013), though Kotus still serves and documents it in 2026."
welshhcwl,url,"The entry's notes describe a 'LINDAT/CLARIAH-CZ deposit (LRT-883)'. That record is metadata-only (local.has.files = no, 0 files) and its project URL is the old people.pwf.cam.ac.uk/dwew2/hcwl address. The notes also call celticstudies.net a 'mirror', but it is the corpus's live official site: a CNAME to the PI David Willis's GitHub Pages repository dwew2/hcwl."
win-lowgermanincunabula,notes,"The entry notes call the LAUDATIO corpus 'TEI-annotated', but the published data are EXMARaLDA XML only. TEI exists only in the metadata headers and in the project's unpublished transcription stage."
win-lowgermanincunabula,other,"The LAUDATIO metadata is inconsistent: it lists 7 texts (14 document headers including Bruder_Fnhd/Bruder_Mnd) and a placeholder size of 123456789 tokens, while the EXMARaLDA download has 6 texts (no Bruder)."
wolfenbuettelpostil-lithuanian,url,"The entry url (Cologne DH project page, HTTP 200) describes PosTiMe but links to neither the edition nor the GitHub TEI. The data can only be found via github.com/postime."
wolfenbuettelpostil-lithuanian,url,"The PosTiMe reading viewer and DTS API named in the project's own code (https://apps.ionov.me/postime/ and https://apps.ionov.me/postime-dts/api) both return 404, so no live public reading interface was found."
wolfenbuettelpostil-lithuanian,url,WP1573-TEI has no LICENSE (the GitHub license endpoint returns 404).
wolnelektury,status,"The RQ frozen DB labels all 8 WolneLektury rows quality='tei' / quality_label='tei_complete', but the source files are WL-XML with no TEI namespace. Keep encoding 'xml'; do not upgrade it to 'tei'."
women-writers-online,url,"The entry notes say 'Free and open access', but the WWO textbase is subscription-only. The WWP FAQ says the textbase 'is the only WWP resource that is restricted to subscribers', and https://wwo.wwp.northeastern.edu/ returns 401."
women-writers-online,url,The TEI files cannot be downloaded publicly; they are only available on e-mail request for research. The data_url is the page that describes this procedure.
women-writers-online,other,"The entry lists English, French, Latin, Italian and Spanish, but the WWP describes WWO as 'a full-text collection of early women's writing in English'."
women-writers-online,url,Minor: the entry url is the WWP homepage; the WWO landing page is https://www.wwp.northeastern.edu/wwo/ (200).
zlatyfond-slovak,url,Main url https://zlatyfond.sme.sk is live but returns HTTP 403 to non-browser clients (Cloudflare managed challenge). The Wayback Machine shows the redesigned site returning 200 on 2026-10-05.
zlatyfond-slovak,other,"XML was formerly public but has been withdrawn: verified_encoding is xml (DocBook), yet public_xml is none."
zlatyfond-slovak,title,"Metadata: the 14 RQ texts are chapters of Tranovský's Cithara sanctorum taken from the 1937 Tranoscius edition (Liptovský Sv. Mikuláš). The text is Czech (bibličtina, with ř/ě/ů), not Slovak, and the hymnal mixes old and new hymns, so period '1636-1636' is misleading. The entry covers 1 work of a 2,394-work library: Díl 1 ch1-10 and only ch1 of Díl 2-5. The title is the RQ collection name; the project is called 'Zlatý fond denníka SME'."
